batch_id,seq_sple,accession,taxid,organism,rna_coverage,dna_coverage,core_coverage,review,above_cutoff,source
200206B02,200209-1-1-IDBD-D101641-d-01-AH7FHKBGXF-ACTCGGCAAT-TTCAGTTGTC-5e41e343,IDBD-D101641,562,Escherichia coli,1.0,0.98665,0.9113652949783814,,True,ARUP
200206B03,200209-1-1-IDBD-D101661-d-03-AH7FHKBGXF-AGGATGTGCT-GGAATTGTAA-5e41e343,IDBD-D101661,562,Escherichia coli,1.0,0.88595,0.9190115923001604,,True,ARUP
200206B03,200209-1-1-IDBD-D101662-d-04-AH7FHKBGXF-CACGGAACAA-GTGCTAGGTT-5e41e343,IDBD-D101662,562,Escherichia coli,1.0,0.97005,0.8982950773981319,,True,ARUP
200206B03,200209-1-1-IDBD-D101664-d-06-AH7FHKBGXF-GTATTGACGT-TTGGAATTCC-5e41e343,IDBD-D101664,562,Escherichia coli,1.0,0.9512,0.9166865311481182,,True,ARUP
200206B03,200209-1-1-IDBD-D101668-d-10-AH7FHKBGXF-TTCATAAGGT-CCTTCTAACA-5e41e343,IDBD-D101668,562,Escherichia coli,1.0,0.9869,0.9170752637697528,,True,ARUP
200206B03,200209-1-1-IDBD-D101673-d-15-AH7FHKBGXF-ACGGTCAGGA-AACGAGGCCG-5e41e343,IDBD-D101673,562,Escherichia coli,1.0,0.9844,0.9100083980915428,,True,ARUP
200206B03,200209-1-1-IDBD-D101660-d-02-AH7FHKBGXF-ATACCAACGC-CGCAGCAATT-5e41e343,IDBD-D101660,562,Escherichia coli,0.9983619983619983,0.82595,0.0,,False,ARUP
200206B03,200209-1-1-IDBD-D101659-d-01-AH7FHKBGXF-TAATGTGTCT-TATGCCTTAC-5e41e343,IDBD-D101659,562,Escherichia coli,1.0,0.90955,0.9699539021787364,,True,ARUP
200206B02,200209-1-1-IDBD-D101657-d-17-AH7FHKBGXF-TCTATCCTAA-CCAGTCGACG-5e41e343,IDBD-D101657,562,Escherichia coli,1.0,0.4942,0.2569449283228388,,False,ARUP
200206B02,200209-1-1-IDBD-D101658-d-18-AH7FHKBGXF-CTCGCTTCGG-TTGACTAGTA-5e41e343,IDBD-D101658,562,Escherichia coli,1.0,0.94235,0.8845024039078629,,True,ARUP
200206B02,200209-1-1-IDBD-D101642-d-02-AH7FHKBGXF-GTCTAATGGC-CCTGACCACT-5e41e343,IDBD-D101642,562,Escherichia coli,1.0,0.9918,0.9284768649080796,,True,ARUP
200206B02,200209-1-1-IDBD-D101643-d-03-AH7FHKBGXF-CCATCTCGCC-AACCATAGAA-5e41e343,IDBD-D101643,562,Escherichia coli,0.9959049959049959,0.399,0.019095573215588912,,False,ARUP
200206B02,200209-1-1-IDBD-D101644-d-04-AH7FHKBGXF-CTGCGAGCCA-TGGCCGGATT-5e41e343,IDBD-D101644,562,Escherichia coli,1.0,0.87345,0.5487731085040762,,True,ARUP
200206B02,200209-1-1-IDBD-D101646-d-06-AH7FHKBGXF-AGATCCATTA-TGGTAGAGAT-5e41e343,IDBD-D101646,562,Escherichia coli,1.0,0.99055,0.9161804452822162,,True,ARUP
200206B02,200209-1-1-IDBD-D101647-d-07-AH7FHKBGXF-GTCCTGGATA-TTCGCCACCG-5e41e343,IDBD-D101647,562,Escherichia coli,1.0,0.9972,0.9373847096057296,,True,ARUP
200206B02,200209-1-1-IDBD-D101648-d-08-AH7FHKBGXF-CAGTGGCACT-CCTATTGTTA-5e41e343,IDBD-D101648,562,Escherichia coli,1.0,0.95775,0.9719525746201606,,True,ARUP
200206B02,200209-1-1-IDBD-D101645-d-05-AH7FHKBGXF-CGTTATTCTA-AACCTTATGG-5e41e343,IDBD-D101645,562,Escherichia coli,1.0,0.98395,0.9132979562199052,,True,ARUP
200206B02,200209-1-1-IDBD-D101650-d-10-AH7FHKBGXF-GACACCATGT-TACACGTTGA-5e41e343,IDBD-D101650,562,Escherichia coli,1.0,0.97305,0.8497621763159149,,True,ARUP
200206B02,200209-1-1-IDBD-D101653-d-13-AH7FHKBGXF-GGAATTGTAA-AGGATGTGCT-5e41e343,IDBD-D101653,562,Escherichia coli,1.0,0.9748,0.915744037905098,,True,ARUP
200206B02,200209-1-1-IDBD-D101655-d-15-AH7FHKBGXF-CTGAGGAATA-AGTGGTTAAG-5e41e343,IDBD-D101655,562,Escherichia coli,1.0,0.98595,0.9175226730135212,,True,ARUP
200206B02,200209-1-1-IDBD-D101649-d-09-AH7FHKBGXF-AGTGTTGCAC-CGTGTACCAG-5e41e343,IDBD-D101649,562,Escherichia coli,1.0,0.7271,0.6722873980952102,,True,ARUP
200206B02,200209-1-1-IDBD-D101656-d-16-AH7FHKBGXF-AACGCACGAG-TATCCGAGGC-5e41e343,IDBD-D101656,562,Escherichia coli,1.0,0.96465,0.9114203043116316,,True,ARUP
200211B04,200214-2-1-IDBD-D101728-d-01-AH7FC2BGXF-GACTGAGTAG-CACTATCAAC-5e482cb6,IDBD-D101728,562,Escherichia coli,1.0,0.9916,0.7917383316035954,,True,ARUP
200211B03,200214-2-1-IDBD-D101723-d-11-AH7FC2BGXF-CGTCTCATAT-AGCTACTATA-5e482cb6,IDBD-D101723,562,Escherichia coli,1.0,0.9859,0.9759169139030588,,True,ARUP
200211B03,200214-2-1-IDBD-D101721-d-09-AH7FC2BGXF-GAACTGAGCG-CGCTCCACGA-5e482cb6,IDBD-D101721,562,Escherichia coli,1.0,0.9803,0.80707126642487,,True,ARUP
200211B04,200214-2-1-IDBD-D101729-d-02-AH7FC2BGXF-AGTCAGACGA-TGTCGCTGGT-5e482cb6,IDBD-D101729,562,Escherichia coli,1.0,0.91965,0.9129642329315208,,True,ARUP
200211B03,200214-2-1-IDBD-D101724-d-12-AH7FC2BGXF-ATTCCATAAG-CCACCAGGCA-5e482cb6,IDBD-D101724,562,Escherichia coli,1.0,0.9613,0.9440078333290548,,True,ARUP
200211B04,200214-2-1-IDBD-D101730-d-03-AH7FC2BGXF-CCGTATGTTC-ACAGTGTATG-5e482cb6,IDBD-D101730,562,Escherichia coli,1.0,0.9218,0.9332443404564308,,True,ARUP
200211B04,200214-2-1-IDBD-D101732-d-05-AH7FC2BGXF-CTTGCCATTA-CCTTCGTGAT-5e482cb6,IDBD-D101732,562,Escherichia coli,0.5134003350083752,0.0751,0.0,,False,ARUP
200211B04,200214-2-1-IDBD-D101734-d-07-AH7FC2BGXF-TCCATTGCCG-TCGTGCATTC-5e482cb6,IDBD-D101734,562,Escherichia coli,1.0,0.8805,0.9482618884337376,,True,ARUP
200211B04,200214-2-1-IDBD-D101735-d-08-AH7FC2BGXF-CGGTTACGGC-CTATAGTCTT-5e482cb6,IDBD-D101735,562,Escherichia coli,0.9944,0.18945,0.1074222259710064,,False,ARUP
200211B04,200214-2-1-IDBD-D101737-d-10-AH7FC2BGXF-AGAGGCAACC-CCATCATTAG-5e482cb6,IDBD-D101737,562,Escherichia coli,1.0,0.9802,0.9219014159402379,,True,ARUP
200211B04,200214-2-1-IDBD-D101738-d-11-AH7FC2BGXF-CCATCATTAG-AGAGGCAACC-5e482cb6,IDBD-D101738,562,Escherichia coli,0.7259615384615384,0.32845,0.2162490235843348,,False,ARUP
200211B04,200214-2-1-IDBD-D101741-d-14-AH7FC2BGXF-TATTGCGCTC-CCTAACACAG-5e482cb6,IDBD-D101741,562,Escherichia coli,1.0,0.9525,0.8904250754544688,,True,ARUP
200211B04,200214-2-1-IDBD-D101742-d-15-AH7FC2BGXF-ACGCCTTGTT-ACGTTCCTTA-5e482cb6,IDBD-D101742,562,Escherichia coli,1.0,0.9511,0.8185462133408635,,True,ARUP
200211B03,200214-2-1-IDBD-D101719-d-07-AH7FC2BGXF-GTATTCCACC-TTGTCTACAT-5e482cb6,IDBD-D101719,562,Escherichia coli,1.0,0.98935,0.8744320286341916,,True,ARUP
200211B04,200214-2-1-IDBD-D101731-d-04-AH7FC2BGXF-GAGTCATAGG-AGCGCCACAC-5e482cb6,IDBD-D101731,562,Escherichia coli,0.7614091273018415,0.30155,0.12018072399617136,,False,ARUP
200211B03,200214-2-1-IDBD-D101718-d-06-AH7FC2BGXF-TCATAGATTG-CACCTTAATC-5e482cb6,IDBD-D101718,562,Escherichia coli,0.9926289926289926,0.81785,0.0,,False,ARUP
200211B03,200214-2-1-IDBD-D101716-d-04-AH7FC2BGXF-GCGTTGGTAT-GGAAGTATGT-5e482cb6,IDBD-D101716,562,Escherichia coli,0.5249795249795249,,,,False,ARUP
200211B03,200214-2-1-IDBD-D101717-d-05-AH7FC2BGXF-ACATATCCAG-ATTGCACATA-5e482cb6,IDBD-D101717,562,Escherichia coli,1.0,0.99275,0.9131512646645714,,True,ARUP
200204B03,200214-2-1-IDBD-D101489-d-01-AH7FC2BGXF-ACTCGGCAAT-TTCAGTTGTC-5e482cb6,IDBD-D101489,562,Escherichia coli,1.0,0.9997,0.8905350941209692,,True,ARUP
200204B03,200214-2-1-IDBD-D101493-d-05-AH7FC2BGXF-CGTTATTCTA-AACCTTATGG-5e482cb6,IDBD-D101493,562,Escherichia coli,0.9582309582309584,0.3387,0.012036042115145536,,False,ARUP
200204B03,200214-2-1-IDBD-D101494-d-06-AH7FC2BGXF-AGATCCATTA-TGGTAGAGAT-5e482cb6,IDBD-D101494,562,Escherichia coli,0.4672,,,,False,ARUP
200204B03,200214-2-1-IDBD-D101501-d-13-AH7FC2BGXF-GGAATTGTAA-AGGATGTGCT-5e482cb6,IDBD-D101501,562,Escherichia coli,1.0,0.96685,0.7947601776434735,,True,ARUP
200204B03,200214-2-1-IDBD-D101500-d-12-AH7FC2BGXF-TGATGTAAGA-AAGGACGCAC-5e482cb6,IDBD-D101500,562,Escherichia coli,1.0,0.9842,0.8327826287860174,,True,ARUP
200211B03,200214-2-1-IDBD-D101714-d-02-AH7FC2BGXF-ACTTCAAGCG-TTCATGGTTC-5e482cb6,IDBD-D101714,562,Escherichia coli,1.0,0.6424,0.4824648582042753,,True,ARUP
200211B03,200214-2-1-IDBD-D101715-d-03-AH7FC2BGXF-TCAGAAGGCG-TATGATGGCC-5e482cb6,IDBD-D101715,562,Escherichia coli,1.0,0.99495,0.9006128039724073,,True,ARUP
200204B03,200214-2-1-IDBD-D101504-d-16-AH7FC2BGXF-AACGCACGAG-TATCCGAGGC-5e482cb6,IDBD-D101504,562,Escherichia coli,1.0,0.99935,0.8577055240372451,,True,ARUP
200204B03,200214-2-1-IDBD-D101502-d-14-AH7FC2BGXF-GCATAAGCTT-TGCGACGGAA-5e482cb6,IDBD-D101502,562,Escherichia coli,1.0,0.97355,0.7532941422394667,,True,ARUP
200213B02,200215-1-1-IDBD-D101776-d-02-AH7CJ5BGXF-AGGTCAGATA-TATCTTGTAG-5e49e42a,IDBD-D101776,562,Escherichia coli,1.0,0.8409,0.6013106890469083,,True,ARUP
200204B04,200215-1-1-IDBD-D101596-d-11-AH7CJ5BGXF-CTCTGCAGCG-TACATCCATC-5e49e42a,IDBD-D101596,562,Escherichia coli,0.4968,,,,False,ARUP
200204B04,200215-1-1-IDBD-D101599-d-14-AH7CJ5BGXF-CATTAGTGCG-TATGTAGTCA-5e49e42a,IDBD-D101599,562,Escherichia coli,0.9828009828009828,0.8027,0.0,,False,ARUP
200213B02,200215-1-1-IDBD-D101790-d-15-AH7CJ5BGXF-TCCATTGCCG-TCGTGCATTC-5e49e42a,IDBD-D101790,562,Escherichia coli,1.0,0.9882,0.908226095694236,,True,ARUP
200213B02,200215-1-1-IDBD-D101779-d-05-AH7CJ5BGXF-GACGAGATTA-AGGATAATGT-5e49e42a,IDBD-D101779,562,Escherichia coli,0.9983619983619983,0.81635,0.011551959982543705,,False,ARUP
200213B02,200215-1-1-IDBD-D101780-d-06-AH7CJ5BGXF-AACATCGCGC-ACAAGTGGAC-5e49e42a,IDBD-D101780,562,Escherichia coli,1.0,0.78665,0.5140695538009615,,True,ARUP
200213B02,200215-1-1-IDBD-D101782-d-08-AH7CJ5BGXF-GATCAAGGCA-ATTAACAAGG-5e49e42a,IDBD-D101782,562,Escherichia coli,1.0,0.91355,0.8530737381775775,,True,ARUP
200213B02,200215-1-1-IDBD-D101783-d-09-AH7CJ5BGXF-GACTGAGTAG-CACTATCAAC-5e49e42a,IDBD-D101783,562,Escherichia coli,1.0,0.49355,0.3330118343412265,,False,ARUP
200213B02,200215-1-1-IDBD-D101784-d-10-AH7CJ5BGXF-AGTCAGACGA-TGTCGCTGGT-5e49e42a,IDBD-D101784,562,Escherichia coli,1.0,0.97075,0.9252019759352504,,True,ARUP
200213B02,200215-1-1-IDBD-D101785-d-11-AH7CJ5BGXF-CCGTATGTTC-ACAGTGTATG-5e49e42a,IDBD-D101785,562,Escherichia coli,0.9983619983619983,0.8144,0.0,,False,ARUP
200213B02,200215-1-1-IDBD-D101786-d-12-AH7CJ5BGXF-GAGTCATAGG-AGCGCCACAC-5e49e42a,IDBD-D101786,562,Escherichia coli,1.0,0.96375,0.7483359676691812,,True,ARUP
200213B02,200215-1-1-IDBD-D101789-d-14-AH7CJ5BGXF-GAAGCGGCAC-AGTAGAGCCG-5e49e42a,IDBD-D101789,562,Escherichia coli,1.0,0.997,0.8735812176132549,,True,ARUP
200213B02,200215-1-1-IDBD-D101778-d-04-AH7CJ5BGXF-ATTCCATAAG-CCACCAGGCA-5e49e42a,IDBD-D101778,562,Escherichia coli,1.0,0.97995,0.8867027772378714,,True,ARUP
200204B04,200215-1-1-IDBD-D101592-d-09-AH7CJ5BGXF-CCTGCGGAAC-AGCCTATGAT-5e49e42a,IDBD-D101592,562,Escherichia coli,0.7117117117117117,0.23635,0.0,,False,ARUP
200204B04,200215-1-1-IDBD-D101590-d-07-AH7CJ5BGXF-CTTGTACACC-AAGCGCGCTT-5e49e42a,IDBD-D101590,562,Escherichia coli,0.9942669942669944,0.8268,0.0,,False,ARUP
200204B04,200215-1-1-IDBD-D101591-d-08-AH7CJ5BGXF-ACACAGGTGG-ACAACGCTCA-5e49e42a,IDBD-D101591,562,Escherichia coli,1.0,0.9806,0.9125534965765858,,True,ARUP
200213B03,200215-1-1-IDBD-D101793-d-03-AH7CJ5BGXF-TAAGCATCCA-AATGGATTGA-5e49e42a,IDBD-D101793,562,Escherichia coli,0.9983619983619983,0.82155,0.012615473758714395,,False,ARUP
200213B03,200215-1-1-IDBD-D101794-d-04-AH7CJ5BGXF-ACCACGACAT-CCGCATACGA-5e49e42a,IDBD-D101794,562,Escherichia coli,0.92,0.30745,0.1884473065596796,,False,ARUP
200213B03,200215-1-1-IDBD-D101796-d-06-AH7CJ5BGXF-CCACCAGGCA-ATTCCATAAG-5e49e42a,IDBD-D101796,562,Escherichia coli,1.0,0.99455,0.9630337280558602,,True,ARUP
200213B03,200215-1-1-IDBD-D101797-d-07-AH7CJ5BGXF-GTGACACGCA-GTCCGTAAGC-5e49e42a,IDBD-D101797,562,Escherichia coli,1.0,0.9918,0.8415401146394504,,True,ARUP
200213B03,200215-1-1-IDBD-D101805-d-15-AH7CJ5BGXF-CAATCGGCTG-TTCCTACAGC-5e49e42a,IDBD-D101805,562,Escherichia coli,1.0,0.98165,0.8813705392014846,,True,ARUP
200204B04,200215-1-1-IDBD-D101509-d-01-AH7CJ5BGXF-TAATGTGTCT-TATGCCTTAC-5e49e42a,IDBD-D101509,562,Escherichia coli,1.0,0.9228,0.6584507171383411,,True,ARUP
200204B04,200215-1-1-IDBD-D101589-d-06-AH7CJ5BGXF-GTATTGACGT-TTGGAATTCC-5e49e42a,IDBD-D101589,562,Escherichia coli,1.0,0.9816,0.8640169282054855,,True,ARUP
200204B04,200215-1-1-IDBD-D101510-d-02-AH7CJ5BGXF-ATACCAACGC-CGCAGCAATT-5e49e42a,IDBD-D101510,562,Escherichia coli,0.9975429975429976,0.8081,0.011911354293111732,,False,ARUP
200204B04,200215-1-1-IDBD-D101511-d-03-AH7CJ5BGXF-AGGATGTGCT-GGAATTGTAA-5e49e42a,IDBD-D101511,562,Escherichia coli,0.7408,0.1712,0.04627018384119172,,False,ARUP
200204B04,200215-1-1-IDBD-D101568-d-04-AH7CJ5BGXF-CACGGAACAA-GTGCTAGGTT-5e49e42a,IDBD-D101568,562,Escherichia coli,1.0,0.9745,0.7518052229528277,,True,ARUP
200204B04,200215-1-1-IDBD-D101588-d-05-AH7CJ5BGXF-TGGAGTACTT-TCCACACAGA-5e49e42a,IDBD-D101588,562,Escherichia coli,0.4728,,,,False,ARUP
200217B03,200218-1-1-IDBD-D101883-d-01-AH7FHJBGXF-GAACTGAGCG-CGCTCCACGA-5e4d8f8a,IDBD-D101883,562,Escherichia coli,0.8402948402948403,0.41265,0.0,,False,ARUP
200214B02,200218-1-1-IDBD-D101845-d-17-AH7FHJBGXF-TCTATCCTAA-CCAGTCGACG-5e4d8f8a,IDBD-D101845,562,Escherichia coli,1.0,0.9569,0.6577686014060385,,True,ARUP
200214B02,200218-1-1-IDBD-D101843-d-15-AH7FHJBGXF-CTGAGGAATA-AGTGGTTAAG-5e4d8f8a,IDBD-D101843,562,Escherichia coli,0.9819819819819819,0.7899,0.0,,False,ARUP
200214B02,200218-1-1-IDBD-D101842-d-14-AH7FHJBGXF-GCATAAGCTT-TGCGACGGAA-5e4d8f8a,IDBD-D101842,562,Escherichia coli,0.77822257806245,0.1813,0.08211426538702732,,False,ARUP
200214B02,200218-1-1-IDBD-D101841-d-13-AH7FHJBGXF-GGAATTGTAA-AGGATGTGCT-5e4d8f8a,IDBD-D101841,562,Escherichia coli,0.6273546273546273,0.173,0.0,,False,ARUP
200214B02,200218-1-1-IDBD-D101839-d-11-AH7FHJBGXF-CCTGTCTGTC-TCACAACAGT-5e4d8f8a,IDBD-D101839,562,Escherichia coli,1.0,0.9806,0.8018197087439168,,True,ARUP
200217B03,200218-1-1-IDBD-D101886-d-04-AH7FHJBGXF-ATTCCATAAG-CCACCAGGCA-5e4d8f8a,IDBD-D101886,562,Escherichia coli,0.9787059787059788,0.8203,0.0,,False,ARUP
200217B03,200218-1-1-IDBD-D101892-d-10-AH7FHJBGXF-AGTCAGACGA-TGTCGCTGGT-5e4d8f8a,IDBD-D101892,562,Escherichia coli,0.9983619983619983,0.8378,0.011298917049592749,,False,ARUP
200217B03,200218-1-1-IDBD-D101888-d-06-AH7FHJBGXF-AACATCGCGC-ACAAGTGGAC-5e4d8f8a,IDBD-D101888,562,Escherichia coli,0.6573258606885508,0.1195,0.01557497588757559,,False,ARUP
200217B03,200218-1-1-IDBD-D101890-d-08-AH7FHJBGXF-GATCAAGGCA-ATTAACAAGG-5e4d8f8a,IDBD-D101890,562,Escherichia coli,0.9983619983619983,0.34865,0.0949607783453926,,False,ARUP
200217B03,200218-1-1-IDBD-D101891-d-09-AH7FHJBGXF-GACTGAGTAG-CACTATCAAC-5e4d8f8a,IDBD-D101891,562,Escherichia coli,0.9992,0.30625,0.21349488963294105,,False,ARUP
200217B03,200218-1-1-IDBD-D101896-d-13-AH7FHJBGXF-CTTGCCATTA-CCTTCGTGAT-5e4d8f8a,IDBD-D101896,562,Escherichia coli,0.9983619983619983,0.8349,0.010730487272673929,,False,ARUP
200217B03,200218-1-1-IDBD-D101897-d-14-AH7FHJBGXF-GAAGCGGCAC-AGTAGAGCCG-5e4d8f8a,IDBD-D101897,562,Escherichia coli,0.9934479934479934,0.31375,0.0,,False,ARUP
200217B03,200218-1-1-IDBD-D101898-d-15-AH7FHJBGXF-TCCATTGCCG-TCGTGCATTC-5e4d8f8a,IDBD-D101898,562,Escherichia coli,0.4728,,,,False,ARUP
200214B02,200218-1-1-IDBD-D101838-d-10-AH7FHJBGXF-GACACCATGT-TACACGTTGA-5e4d8f8a,IDBD-D101838,562,Escherichia coli,0.9967239967239968,0.8156,0.011694984248994246,,False,ARUP
200217B03,200218-1-1-IDBD-D101900-d-17-AH7FHJBGXF-GAGAATGGTT-TTGCTGCCGA-5e4d8f8a,IDBD-D101900,562,Escherichia coli,1.0,0.9858,0.8064734983368845,,True,ARUP
200214B02,200218-1-1-IDBD-D101837-d-09-AH7FHJBGXF-AGTGTTGCAC-CGTGTACCAG-5e4d8f8a,IDBD-D101837,562,Escherichia coli,1.0,0.95865,0.9430726746638012,,True,ARUP
200217B03,200218-1-1-IDBD-D101884-d-02-AH7FHJBGXF-AGGTCAGATA-TATCTTGTAG-5e4d8f8a,IDBD-D101884,562,Escherichia coli,0.9983619983619983,0.8313,0.0130042063803492,,False,ARUP
200217B02,200218-1-1-IDBD-D101866-d-02-AH7FHJBGXF-ATACCAACGC-CGCAGCAATT-5e4d8f8a,IDBD-D101866,562,Escherichia coli,0.9934479934479934,0.3402,0.010455440606422893,,False,ARUP
200217B02,200218-1-1-IDBD-D101867-d-03-AH7FHJBGXF-AGGATGTGCT-GGAATTGTAA-5e4d8f8a,IDBD-D101867,562,Escherichia coli,0.9983619983619983,0.83205,0.012549462558814143,,False,ARUP
200217B02,200218-1-1-IDBD-D101868-d-04-AH7FHJBGXF-CACGGAACAA-GTGCTAGGTT-5e4d8f8a,IDBD-D101868,562,Escherichia coli,1.0,0.96275,0.7731341750983749,,True,ARUP
200217B02,200218-1-1-IDBD-D101869-d-05-AH7FHJBGXF-TGGAGTACTT-TCCACACAGA-5e4d8f8a,IDBD-D101869,562,Escherichia coli,0.9918099918099921,0.8404,0.0,,False,ARUP
200217B02,200218-1-1-IDBD-D101870-d-06-AH7FHJBGXF-GTATTGACGT-TTGGAATTCC-5e4d8f8a,IDBD-D101870,562,Escherichia coli,1.0,0.98485,0.7816862927743408,,True,ARUP
200217B02,200218-1-1-IDBD-D101873-d-09-AH7FHJBGXF-CCTGCGGAAC-AGCCTATGAT-5e4d8f8a,IDBD-D101873,562,Escherichia coli,1.0,0.82285,0.1399804166773629,,True,ARUP
200217B02,200218-1-1-IDBD-D101865-d-01-AH7FHJBGXF-TAATGTGTCT-TATGCCTTAC-5e4d8f8a,IDBD-D101865,562,Escherichia coli,0.9836199836199836,0.33545,0.0,,False,ARUP
200217B02,200218-1-1-IDBD-D101877-d-13-AH7FHJBGXF-TCTGGTATCC-GTAAGCAACG-5e4d8f8a,IDBD-D101877,562,Escherichia coli,0.9992,0.3934,0.2562481434350028,,False,ARUP
200214B02,200218-1-1-IDBD-D101832-d-04-AH7FHJBGXF-CTGCGAGCCA-TGGCCGGATT-5e4d8f8a,IDBD-D101832,562,Escherichia coli,0.5617792421746294,0.061,0.0,,False,ARUP
200214B02,200218-1-1-IDBD-D101831-d-03-AH7FHJBGXF-CCATCTCGCC-AACCATAGAA-5e4d8f8a,IDBD-D101831,562,Escherichia coli,1.0,0.213,0.10865076774692772,,False,ARUP
200214B02,200218-1-1-IDBD-D101830-d-02-AH7FHJBGXF-GTCTAATGGC-CCTGACCACT-5e4d8f8a,IDBD-D101830,562,Escherichia coli,1.0,0.94205,0.9330059666790133,,True,ARUP
200217B02,200218-1-1-IDBD-D101880-d-16-AH7FHJBGXF-GGCAAGCCAG-CGGATGCTTG-5e4d8f8a,IDBD-D101880,562,Escherichia coli,1.0,0.92555,0.6367000267712088,,True,ARUP
200214B02,200218-1-1-IDBD-D101829-d-01-AH7FHJBGXF-ACTCGGCAAT-TTCAGTTGTC-5e4d8f8a,IDBD-D101829,562,Escherichia coli,0.8174539631705364,0.1159,0.05578679849347773,,False,ARUP
200221B02,200222-2-1-IDBD-D101953-d-13-AHCFTFBGXF-TGGTACCTAA-AGTACTCATG-5e52c46f,IDBD-D101953,562,Escherichia coli,0.9983619983619983,0.3218,0.010682812517190415,,False,ARUP
200221B02,200222-2-1-IDBD-D101954-d-14-AHCFTFBGXF-TTGGAATTCC-GTATTGACGT-5e52c46f,IDBD-D101954,562,Escherichia coli,1.0,0.9824,0.8691034578866881,,True,ARUP
200221B02,200222-2-1-IDBD-D101956-d-16-AHCFTFBGXF-GGAGCGTGTA-ACTTACGGAT-5e52c46f,IDBD-D101956,562,Escherichia coli,0.8576,0.1122,0.0,,False,ARUP
200221B02,200222-2-1-IDBD-D101952-d-12-AHCFTFBGXF-ACAAGTGGAC-AACATCGCGC-5e52c46f,IDBD-D101952,562,Escherichia coli,1.0,0.9888,0.9113396239561979,,True,ARUP
200221B03,200222-2-1-IDBD-D101963-d-06-AHCFTFBGXF-GCATAAGCTT-TGCGACGGAA-5e52c46f,IDBD-D101963,562,Escherichia coli,0.4195979899497487,0.05745,0.0,,False,ARUP
200221B03,200222-2-1-IDBD-D101965-d-08-AHCFTFBGXF-AACGCACGAG-TATCCGAGGC-5e52c46f,IDBD-D101965,562,Escherichia coli,0.6858974358974359,0.13995,0.04037685060565276,,False,ARUP
200221B03,200222-2-1-IDBD-D101967-d-10-AHCFTFBGXF-CTCGCTTCGG-TTGACTAGTA-5e52c46f,IDBD-D101967,562,Escherichia coli,1.0,0.8895,0.9455187563489938,,True,ARUP
200221B03,200222-2-1-IDBD-D101968-d-11-AHCFTFBGXF-CTGTTGGTCC-AACGGTCTAT-5e52c46f,IDBD-D101968,562,Escherichia coli,1.0,0.97995,0.8427833255709052,,True,ARUP
200221B03,200222-2-1-IDBD-D101969-d-12-AHCFTFBGXF-TTACCTGGAA-CTGGAACTGT-5e52c46f,IDBD-D101969,562,Escherichia coli,0.9912,0.4193,0.2424958101224508,,False,ARUP
200221B03,200222-2-1-IDBD-D101970-d-13-AHCFTFBGXF-TGGCTAATCA-CTACATGCCT-5e52c46f,IDBD-D101970,562,Escherichia coli,1.0,0.94685,0.9067151726742968,,True,ARUP
200221B03,200222-2-1-IDBD-D101971-d-14-AHCFTFBGXF-AACACTGTTA-TGAGACTTGC-5e52c46f,IDBD-D101971,562,Escherichia coli,1.0,0.97925,0.8847187739519805,,True,ARUP
200221B03,200222-2-1-IDBD-D101972-d-15-AHCFTFBGXF-ATTGCGCGGT-GCGGAGCCAA-5e52c46f,IDBD-D101972,562,Escherichia coli,0.9903923138510808,0.56115,0.4123132891547266,,False,ARUP
200221B02,200222-2-1-IDBD-D101951-d-11-AHCFTFBGXF-TATGCCTTAC-TAATGTGTCT-5e52c46f,IDBD-D101951,562,Escherichia coli,1.0,0.98415,0.7426700063444097,,True,ARUP
200221B03,200222-2-1-IDBD-D101962-d-05-AHCFTFBGXF-GGAATTGTAA-AGGATGTGCT-5e52c46f,IDBD-D101962,562,Escherichia coli,0.8504,0.1779,0.08022561161210352,,False,ARUP
200219B02,200222-2-1-IDBD-D101919-d-01-AHCFTFBGXF-AACCATAGAA-CCATCTCGCC-5e52c46f,IDBD-D101919,562,Escherichia coli,1.0,0.7341,0.575757020107745,,True,ARUP
200219B02,200222-2-1-IDBD-D101925-d-07-AHCFTFBGXF-GTGACACGCA-GTCCGTAAGC-5e52c46f,IDBD-D101925,562,Escherichia coli,1.0,0.8889,0.9468499822136488,,True,ARUP
200219B02,200222-2-1-IDBD-D101927-d-09-AHCFTFBGXF-TGATTATACG-TGTAATCGAC-5e52c46f,IDBD-D101927,562,Escherichia coli,1.0,0.9277,0.6766404699997433,,True,ARUP
200219B02,200222-2-1-IDBD-D101930-d-12-AHCFTFBGXF-ACCGGCCGTA-AATATTGCCA-5e52c46f,IDBD-D101930,562,Escherichia coli,1.0,0.9415,0.7928971948907332,,True,ARUP
200221B02,200222-2-1-IDBD-D101941-d-01-AHCFTFBGXF-CCTGCGGAAC-AGCCTATGAT-5e52c46f,IDBD-D101941,562,Escherichia coli,1.0,0.9591,0.7515961874864768,,True,ARUP
200221B02,200222-2-1-IDBD-D101949-d-09-AHCFTFBGXF-TGTCGCTGGT-AGTCAGACGA-5e52c46f,IDBD-D101949,562,Escherichia coli,0.4775641025641026,0.0987,0.012384434559063521,,False,ARUP
200221B03,200222-2-1-IDBD-D101974-d-17-AHCFTFBGXF-TAATGTGTCT-TATGCCTTAC-5e52c46f,IDBD-D101974,562,Escherichia coli,1.0,0.9855,0.8010202397673472,,True,ARUP
,200209-1-1-IDBD-D101671-d-13-AH7FHKBGXF-TCTGGTATCC-GTAAGCAACG-5e41e343,,562,,,0.0,0.0010561791984039961,,False,ARUP
,200214-2-1-IDBD-D101725-d-13-AH7FC2BGXF-GACGAGATTA-AGGATAATGT-5e482cb6,,562,,,0.0,0.004228384082499331,,False,ARUP
,200214-2-1-IDBD-D101739-d-12-AH7FC2BGXF-GATAGGCCGA-GCCATGTGCG-5e482cb6,,562,,,0.0,0.003975341149548372,,False,ARUP
,200214-2-1-IDBD-D101713-d-01-AH7FC2BGXF-GTCCGTAAGC-AAGATACACG-5e482cb6,,562,,,0.0,0.0014009043534386335,,False,ARUP
,200215-1-1-IDBD-D101777-d-03-AH7CJ5BGXF-CGTCTCATAT-AGCTACTATA-5e49e42a,,562,,,0.0,0.00030071768843447104,,False,ARUP
,200218-1-1-IDBD-D101889-d-07-AH7FHJBGXF-CTAGTGCTCT-TACTGTTCCA-5e4d8f8a,,562,,,0.0,0.0015842687976059938,,False,ARUP
,200218-1-1-IDBD-D101899-d-16-AH7FHJBGXF-CGGTTACGGC-CTATAGTCTT-5e4d8f8a,,562,,,0.0,0.0005354241769686924,,False,ARUP
,200218-1-1-IDBD-D101887-d-05-AH7FHJBGXF-GACGAGATTA-AGGATAATGT-5e4d8f8a,,562,,,0.08515,0.0,,False,ARUP
,200218-1-1-IDBD-D101875-d-11-AH7FHJBGXF-CTCTGCAGCG-TACATCCATC-5e4d8f8a,,562,,,0.059,0.0,,False,ARUP
,200218-1-1-IDBD-D101881-d-17-AH7FHJBGXF-AACACTGTTA-TGAGACTTGC-5e4d8f8a,,562,,,0.0,0.0005390914658520397,,False,ARUP
,200222-2-1-IDBD-D101959-d-02-AHCFTFBGXF-GACACCATGT-TACACGTTGA-5e52c46f,,562,,,0.0,0.0005390914658520397,,False,ARUP
,200222-2-1-IDBD-D101950-d-10-AHCFTFBGXF-ACCGTTACAA-TCGCTATGAG-5e52c46f,,562,,,0.0665,0.0,,False,ARUP
,200222-2-1-IDBD-D101929-d-11-AHCFTFBGXF-GGTAACTCGC-TCACCAACTT-5e52c46f,,562,,,0.0,0.0007884671099196497,,False,ARUP
,200222-2-1-IDBD-D101923-d-05-AHCFTFBGXF-GCCGCACTCT-CGAGGTCGGA-5e52c46f,,562,,,0.05045,0.0,,False,ARUP
,200222-2-1-IDBD-D101931-d-13-AHCFTFBGXF-TGTAATCGAC-CGCGGTGATC-5e52c46f,,562,,,0.0,0.00018703173305070758,,False,ARUP
,200222-2-1-IDBD-D101943-d-03-AHCFTFBGXF-CTCTGCAGCG-TACATCCATC-5e52c46f,,562,,,0.0,0.0005244223103186506,,False,ARUP
10004UTI,10004SEQ-1910105003-d-03-0016-CTAGTGCTCT-TACTGTTCCA-5dbbaf6a,1910105003,562,Escherichia coli,0.0648,,,,False,Synergy
10004UTI,10004SEQ-1910105001-d-01-0016-GACGAGATTA-AGGATAATGT-5dbbaf6a,1910105001,562,Escherichia coli,0.4299439551641313,0.06395,0.018699506016187414,,False,Synergy
10005A,10005SEQ-1910155001-d-01-0017-CCTGCGGAAC-AGCCTATGAT-5db30df3,1910155001,562,Escherichia coli,0.3257956448911223,0.2369,0.2870276990329359,,False,Synergy
10005A,10005SEQ-1910155005-d-05-0017-TCTGGTATCC-GTAAGCAACG-5db30df3,1910155005,562,Escherichia coli,0.7325860688550841,0.16475,0.1272402550966147,,False,Synergy
10006UTI,10006SEQ-1910178004-d-04-0018-ATTCCATAAG-CCACCAGGCA-5db330df,1910178004,562,Escherichia coli,0.7548076923076923,0.48885,0.5493085326810448,,False,Synergy
10006UTI,10006SEQ-1910178008-d-08-0018-GATCAAGGCA-ATTAACAAGG-5db330df,1910178008,562,Escherichia coli,1.0,0.65925,0.6413208107642263,,False,Synergy
10006UTI,10006SEQ-1910178001-d-01-0018-GAACTGAGCG-CGCTCCACGA-5db330df,1910178001,562,Escherichia coli,1.0,0.50525,0.3151338010349089,,False,Synergy
10006UTI,10006SEQ-1910178003-d-03-0018-CGTCTCATAT-AGCTACTATA-5db330df,1910178003,562,Escherichia coli,1.0,0.73975,0.7471110931821432,,False,Synergy
10006UTI,10006SEQ-1910178005-d-05-0018-GACGAGATTA-AGGATAATGT-5db330df,1910178005,562,Escherichia coli,0.9492219492219492,0.82265,0.0,,False,Synergy
10007UTI,10007SEQ-1910188003-d-02-0019-AGAGGCAACC-CCATCATTAG-5db36bef,1910188003,562,Escherichia coli,0.9848,0.33255,0.34798170756304986,,False,Synergy
10007UTI,10007SEQ-1910188008-d-07-0019-ACGCCTTGTT-ACGTTCCTTA-5db36bef,1910188008,562,Escherichia coli,0.6055276381909548,0.0,0.008702476520182925,,False,Synergy
10007UTI,10007SEQ-1910188007-d-06-0019-TATTGCGCTC-CCTAACACAG-5db36bef,1910188007,562,Escherichia coli,0.9688,0.31955,0.31867640209622233,,False,Synergy
10007UTI,10007SEQ-1910188009-d-08-0019-TTCTACATAC-TTACAGTTAG-5db36bef,1910188009,562,Escherichia coli,0.9967239967239968,0.83665,0.0,,False,Synergy
10008UTI,10008SEQ-1910268001-d-01-0020-AACCATAGAA-CCATCTCGCC-5dbbc04a,1910268001,562,Escherichia coli,0.7291666666666666,0.3551,0.4163032994598084,,False,Synergy
10009UTI,10009SEQ-1911058007-d-07-0021-GTCCTGGATA-TTCGCCACCG-5dc2ebea,1911058007,562,Escherichia coli,0.7763819095477387,0.17065,0.18133643341486927,,False,Synergy
10009UTI,10009SEQ-1911058002-d-02-0021-GTCTAATGGC-CCTGACCACT-5dc2ebea,1911058002,562,Escherichia coli,0.4464,0.0,0.0020756855079745195,,False,Synergy
10009UTI,10009SEQ-1911058008-d-08-0021-CAGTGGCACT-CCTATTGTTA-5dc2ebea,1911058008,562,Escherichia coli,0.8510808646917534,0.11465,0.08350416787381593,,False,Synergy
10009UTI,10009SEQ-1911058005-d-05-0021-CGTTATTCTA-AACCTTATGG-5dc2ebea,1911058005,562,Escherichia coli,0.7774219375500401,0.2026,0.22312152295172746,,False,Synergy
10009UTI,10009SEQ-1911058010-d-10-0021-GGTAACTCGC-TCACCAACTT-5dc323b2,1911058010,562,Escherichia coli,1.0,0.37025,0.3663951650463362,,False,Synergy
10009UTI,10009SEQ-1911058009-d-09-0021-CAGCCGCGTA-CACGGCTAGT-5dc2ebea,1911058009,562,Escherichia coli,0.9864,0.48365,0.4539846927362009,,False,Synergy
10010UTI,10010SEQ-1911068012-d-12-0022-TTACCTGGAA-CTGGAACTGT-5dc44ac5,1911068012,562,Escherichia coli,0.9944044764188648,0.28875,0.2599924453849003,,False,Synergy
10010UTI,10010SEQ-1911068013-d-13-0022-TGGCTAATCA-CTACATGCCT-5dc44ac5,1911068013,562,Escherichia coli,0.5867970660146701,0.0935,0.03246650848427283,,False,Synergy
10010UTI,10010SEQ-1911068002-d-02-0022-GACACCATGT-TACACGTTGA-5dc44ac5,1911068002,562,Escherichia coli,0.6193910256410257,0.0696,0.02285087703213645,,False,Synergy
10010UTIRPT,10011SEQ-1911068001-d-01-0023-AGTGTTGCAC-CGTGTACCAG-5dc569e2,1911068001,562,Escherichia coli,1.0,0.90655,0.7549077493481394,DETECTED,True,Synergy
10010UTIRPT,10011SEQ-1911068006-d-04-0023-GCATAAGCTT-TGCGACGGAA-5dc569e2,1911068006,562,Escherichia coli,0.9967239967239968,0.8242,0.0,,False,Synergy
10010UTIRPT,10011SEQ-1911068010-d-08-0023-CTCGCTTCGG-TTGACTAGTA-5dc569e2,1911068010,562,Escherichia coli,0.9855884707766212,0.4013,0.3918718209189492,,False,Synergy
10010UTIRPT,10011SEQ-1911068009-d-07-0023-TCTATCCTAA-CCAGTCGACG-5dc569e2,1911068009,562,Escherichia coli,0.9304,0.2344,0.2590572867196468,,False,Synergy
10011UTI,10011SEQ-1911078006-d-06-0023-GTATTGACGT-TTGGAATTCC-5dc569e2,1911078006,562,Escherichia coli,0.9328,0.29215,0.2715664091007441,,False,Synergy
10011UTI,10011SEQ-1911078001-d-01-0023-TAATGTGTCT-TATGCCTTAC-5dc569e2,1911078001,562,Escherichia coli,0.996,0.37415,0.35219908977889913,,False,Synergy
10011UTI,10011SEQ-1911078002-d-02-0023-ATACCAACGC-CGCAGCAATT-5dc569e2,1911078002,562,Escherichia coli,1.0,0.98645,0.8063744815370342,DETECTED,True,Synergy
10011UTI,10011SEQ-1911078007-d-07-0023-CTTGTACACC-AAGCGCGCTT-5dc569e2,1911078007,562,Escherichia coli,1.0,0.99745,0.8567153560387413,DETECTED,True,Synergy
10011UTI,10011SEQ-1911078004-d-04-0023-CACGGAACAA-GTGCTAGGTT-5dc569e2,1911078004,562,Escherichia coli,0.5008,0.0,0.0002713793773676934,,False,Synergy
10012UTI,10012SEQ-1911088005-d-05-0024-TCTGGTATCC-GTAAGCAACG-5dc6c2a6,1911088005,562,Escherichia coli,0.9934479934479934,0.68405,0.0,,False,Synergy
10012UTI,10012SEQ-1911088003-d-03-0024-CTCTGCAGCG-TACATCCATC-5dc6c2a6,1911088003,562,Escherichia coli,1.0,0.93255,0.951782485761751,DETECTED,True,Synergy
10012UTI,10012SEQ-1911088008-d-08-0024-GGCAAGCCAG-CGGATGCTTG-5dc6c2a6,1911088008,562,Escherichia coli,0.6688,0.0794,0.03589542359020246,,False,Synergy
10012UTI,10012SEQ-1911088006-d-06-0024-CATTAGTGCG-TATGTAGTCA-5dc6c2a6,1911088006,562,Escherichia coli,1.0,0.92445,0.8977743223766966,DETECTED,True,Synergy
10012UTI,10012SEQ-1911088001-d-01-0024-CCTGCGGAAC-AGCCTATGAT-5dc6c2a6,1911088001,562,Escherichia coli,0.8646917534027222,0.2178,0.20938752608359207,,False,Synergy
10012UTI,10012SEQ-1911088002-d-02-0024-TTCATAAGGT-CCTTCTAACA-5dc6c2a6,1911088002,562,Escherichia coli,1.0,0.9086,0.8631881209178491,DETECTED,True,Synergy
10012UTI,10012SEQ-1911088017-d-17-0024-GTCCGTAAGC-AAGATACACG-5dc6c2a6,1911088017,562,Escherichia coli,1.0,0.97085,0.8972058925997778,DETECTED,True,Synergy
10012UTI,10012SEQ-1911088010-d-10-0024-ACCGTTACAA-TCGCTATGAG-5dc6c2a6,1911088010,562,Escherichia coli,0.7337610264635124,0.15335,0.12270015145903088,,False,Synergy
10012UTI,10012SEQ-1911088013-d-13-0024-TGGTACCTAA-AGTACTCATG-5dc6c2a6,1911088013,562,Escherichia coli,0.5041876046901173,0.06325,0.02076418965751189,,False,Synergy
10012UTI,10012SEQ-1911088014-d-14-0024-TTGGAATTCC-GTATTGACGT-5dc6c2a6,1911088014,562,Escherichia coli,0.9787059787059788,0.31635,0.0,,False,Synergy
10013UTI,10013SEQ-1911098001-d-01-0025-GCGTTGGTAT-GGAAGTATGT-5dc81516,1911098001,562,Escherichia coli,1.0,0.92645,0.8803290291586139,DETECTED,True,Synergy
10013UTI,10013SEQ-1911098002-d-02-0025-ACATATCCAG-ATTGCACATA-5dc81516,1911098002,562,Escherichia coli,0.9712,0.24875,0.14627348440118673,,False,Synergy
10013UTI,10013SEQ-1911098003-d-03-0025-TCATAGATTG-CACCTTAATC-5dc81516,1911098003,562,Escherichia coli,0.7427884615384616,0.16125,0.09713548065321748,,False,Synergy
10014UTI,10014SEQ-1911128005-d-05-0026-GACGAGATTA-AGGATAATGT-5dcc43b7,1911128005,562,Escherichia coli,0.3376,0.0,0.0006637792878858446,,False,Synergy
10014UTI,10014SEQ-1911128001-d-01-0026-GAACTGAGCG-CGCTCCACGA-5dcc43b7,1911128001,562,Escherichia coli,0.9007205764611692,0.1807,0.16197314811079613,,False,Synergy
10014UTI,10014SEQ-1911128003-d-03-0026-CGTCTCATAT-AGCTACTATA-5dcc43b7,1911128003,562,Escherichia coli,0.5528846153846154,0.06215,0.013418610024167431,,False,Synergy
10014UTI,10014SEQ-1911128008-d-08-0026-GATCAAGGCA-ATTAACAAGG-5dcc43b7,1911128008,562,Escherichia coli,1.0,0.53685,0.4999284878667747,,False,Synergy
10014UTI,10014SEQ-1911128010-d-10-0026-AGTCAGACGA-TGTCGCTGGT-5dcc43b7,1911128010,562,Escherichia coli,1.0,0.40295,0.4406467630674672,,False,Synergy
10014UTI,10014SEQ-1911128002-d-02-0026-AGGTCAGATA-TATCTTGTAG-5dcc43b7,1911128002,562,Escherichia coli,1.0,0.93135,0.9012839178380598,DETECTED,True,Synergy
10016UTI,10016SEQ-1911138003-d-03-0027-CCATCATTAG-AGAGGCAACC-5dcd6926,1911138003,562,Escherichia coli,0.36439966414777497,0.0971,0.0911467979067115,,False,Synergy
10016UTI,10016SEQ-1911138001-d-01-0027-GAGAATGGTT-TTGCTGCCGA-5dcd6926,1911138001,562,Escherichia coli,1.0,0.488,0.490668583436323,,False,Synergy
10016UTI,10016SEQ-1911138004-d-04-0027-GATAGGCCGA-GCCATGTGCG-5dcd6926,1911138004,562,Escherichia coli,0.9584,0.4961,0.4899424602374203,,False,Synergy
10017UTIRPT,10019SEQ-1911148001-d-01-0029-TGATTATACG-TGTAATCGAC-5dd00afb,1911148001,562,Escherichia coli,0.8777219430485762,0.1947,0.18515408114243384,,False,Synergy
10017UTIRPT,10019SEQ-1911148004-d-04-0029-ACCGGCCGTA-AATATTGCCA-5dd00afb,1911148004,562,Escherichia coli,1.0,0.3886,0.3750316303666189,,False,Synergy
10017UTIRPT,10019SEQ-1911148005-d-05-0029-TGTAATCGAC-CGCGGTGATC-5dd00afb,1911148005,562,Escherichia coli,0.9912,0.3473,0.3459390276550255,,False,Synergy
10019UTI,10019SEQ-1911158003-d-03-0029-CTGTTGGTCC-AACGGTCTAT-5dd00afb,1911158003,562,Escherichia coli,0.9352,0.18975,0.16992016312100952,,False,Synergy
10019UTI,10019SEQ-1911158002-d-02-0029-CTCGCTTCGG-TTGACTAGTA-5dd00afb,1911158002,562,Escherichia coli,1.0,0.7096,0.7062354912883553,INCONCLUSIVE,True,Synergy
10019UTI,10019SEQ-1911158006-d-06-0029-AACACTGTTA-TGAGACTTGC-5dd00afb,1911158006,562,Escherichia coli,1.0,0.4688,0.4612202537030449,,False,Synergy
10019UTI,10019SEQ-1911158005-d-05-0029-TGGCTAATCA-CTACATGCCT-5dd00afb,1911158005,562,Escherichia coli,0.8336,0.23645,0.24860918069099056,,False,Synergy
10019UTI,10019SEQ-1911158004-d-04-0029-TTACCTGGAA-CTGGAACTGT-5dd00afb,1911158004,562,Escherichia coli,0.9591673338670936,0.3099,0.3542050967980901,,False,Synergy
10020UTI,10021SEQ-8131966-d-02-0030-TTCTACATAC-TTACAGTTAG-5dd550fa,8131966,562,Escherichia coli,1.0,0.6115,0.5811479347662654,INCONCLUSIVE,True,Synergy
10020UTI,10021SEQ-1911168001-d-01-0030-ACGCCTTGTT-ACGTTCCTTA-5dd550fa,1911168001,562,Escherichia coli,0.566052842273819,0.0,0.0137266622903686,,False,Synergy
10021UTI,10021SEQ-1911198007-d-07-0030-CTTGTACACC-AAGCGCGCTT-5dd550fa,1911198007,562,Escherichia coli,0.82,0.09055,0.0,,False,Synergy
10021UTI,10021SEQ-1911198002-d-02-0030-ATACCAACGC-CGCAGCAATT-5dd550fa,1911198002,562,Escherichia coli,0.5293132328308208,0.06085,0.021446305389814468,,False,Synergy
10021UTI,10021SEQ-1911198001-d-01-0030-TAATGTGTCT-TATGCCTTAC-5dd550fa,1911198001,562,Escherichia coli,0.9951961569255404,0.4481,0.4538306666031003,,False,Synergy
10021UTI,10021SEQ-1911198014-d-12-0030-CTGACTCTAC-TGACGGCCGT-5dd550fa,1911198014,562,Escherichia coli,1.0,0.9875,0.8389106685100906,DETECTED,True,Synergy
10021UTI,10021SEQ-1911198011-d-11-0030-CTCTGCAGCG-TACATCCATC-5dd550fa,1911198011,562,Escherichia coli,0.984,0.278,0.2756627707834429,,False,Synergy
10022UTI,10023SEQ-1911208001-d-01-0032-TGTCGCTGGT-AGTCAGACGA-5dd7f3fa,1911208001,562,Escherichia coli,0.968,0.2596,0.310920086107943,,False,Synergy
10023UTI,10023SEQ-1911218007-d-09-0032-CAGCAATCGT-ATACATCACA-5dd7f3fa,1911218007,562,Escherichia coli,0.5574572127139364,0.08815,0.056644944092180974,,False,Synergy
10023UTI,10023SEQ-1911218006-d-08-0032-GGTCTATTAA-CGTGTCGTGG-5dd7f3fa,1911218006,562,Escherichia coli,1.0,0.9111,0.8995822957961868,DETECTED,True,Synergy
10023UTI,10023SEQ-1911218005-d-07-0032-TCCGTTATGT-TACACTACAA-5dd7f3fa,1911218005,562,Escherichia coli,1.0,0.9979,0.8768304355639007,DETECTED,True,Synergy
10023UTI,10023SEQ-1911208005-d-02-0032-CACTCAATTC-CACAACTTAA-5dd7f3fa,1911208005,562,Escherichia coli,0.6164154103852596,0.0984,0.046776269707093636,,False,Synergy
10023UTI,10023SEQ-1911218001-d-03-0032-TCTCACACGC-TCACTGTCCG-5dd7f3fa,1911218001,562,Escherichia coli,0.5644891122278057,0.08955,0.07582486495208687,,False,Synergy
10023UTI,10023SEQ-1911218002-d-04-0032-TCAATGGAGA-GTTGTAGTGC-5dd7f3fa,1911218002,562,Escherichia coli,0.948,0.53515,0.5736519962887037,,False,Synergy
10025UTI,10025SEQ-1911228008-d-08-0033-GGTCTATTAA-CGTGTCGTGG-5dd9448b,1911228008,562,Escherichia coli,1.0,0.97485,0.9041737414781374,DETECTED,True,Synergy
10025UTI,10025SEQ-1911228001-d-01-0033-TGCCGGTCAG-TTGTATCAGG-5dd9448b,1911228001,562,Escherichia coli,1.0,0.6352,0.5899640972418321,INCONCLUSIVE,True,Synergy
10025UTI,10025SEQ-1911228002-d-02-0033-CACTCAATTC-CACAACTTAA-5dd9448b,1911228002,562,Escherichia coli,0.4380234505862647,0.0627,0.017999053839468097,,False,Synergy
10025UTI,10025SEQ-1911228011-d-11-0033-GAACGCAATA-ACAGTAAGAT-5dd9448b,1911228011,562,Escherichia coli,0.9376,0.2346,0.2388065175058035,,False,Synergy
10025UTI,10025SEQ-1911228005-d-05-0033-ATATGCATGT-CCAGGCACCA-5dd9448b,1911228005,562,Escherichia coli,1.0,0.60655,0.5922524855050407,INCONCLUSIVE,True,Synergy
10025UTI,10025SEQ-1911228007-d-07-0033-TCCGTTATGT-TACACTACAA-5dd9448b,1911228007,562,Escherichia coli,0.7797319932998324,0.10005,0.07671968343962357,,False,Synergy
10025UTI,10025SEQ-1911228006-d-06-0033-ATGGCGCCTG-AGGCCGTGGA-5dd9448b,1911228006,562,Escherichia coli,0.6012810248198559,0.06855,0.04527634855380463,,False,Synergy
10025UTI,10025SEQ-1911228013-d-13-0033-GGTAGAATTA-TGATGGCTAC-5dd9448b,1911228013,562,Escherichia coli,0.8822115384615384,0.1433,0.1595857430477371,,False,Synergy
10025UTI,10025SEQ-1911228010-d-10-0033-TTCTGTAGAA-TATTGCGCTC-5dd9448b,1911228010,562,Escherichia coli,0.9519615692554044,0.39025,0.3607585420326315,,False,Synergy
10025UTI,10025SEQ-1911228012-d-12-0033-AGTACTCATG-ACCACGACAT-5dd9448b,1911228012,562,Escherichia coli,0.3811048839071257,0.0863,0.03294692332799132,,False,Synergy
10025UTI,10025SEQ-1911228004-d-04-0033-TCAATGGAGA-GTTGTAGTGC-5dd9448b,1911228004,562,Escherichia coli,1.0,0.99355,0.8969271786446433,DETECTED,True,Synergy
10026UTI,10026SEQ-2111964-d-06-0034-TCATAGATTG-CACCTTAATC-5dda8ec6,2111964,562,Escherichia coli,1.0,0.9422,0.8008405426120632,INCONCLUSIVE,True,Synergy
10026UTI,10026SEQ-1911238005-d-05-0034-ACATATCCAG-ATTGCACATA-5dda8ec6,1911238005,562,Escherichia coli,1.0,0.83205,0.7785360916235454,INCONCLUSIVE,True,Synergy
10026UTI,10026SEQ-1911238002-d-02-0034-ACTTCAAGCG-TTCATGGTTC-5dda8ec6,1911238002,562,Escherichia coli,1.0,0.9593,0.8126565473942079,DETECTED,True,Synergy
10027UTI,10027SEQ-1911268003-d-03-0035-AGGCAGCTCT-ACGTTAGCCG-5dde8b7a,1911268003,562,Escherichia coli,0.3963056255247691,0.0,0.0029961750176946693,,False,Synergy
10027UTI,10027SEQ-1911228014-d-04-0035-ATCGGCGAAG-AATTCTTGGA-5dde8b7a,1911228014,562,Escherichia coli,0.9968,0.4628,0.4354465474308808,,False,Synergy
10027UTI,10027SEQ-1911268002-d-02-0035-TAGAATTGGA-TCAGATTAAC-5dde8b7a,1911268002,562,Escherichia coli,1.0,0.8666,0.8025715029650029,INCONCLUSIVE,True,Synergy
10027UTI,10027SEQ-1911268001-d-01-0035-GAATTACAAG-CTGAGCCGGT-5dde8b7a,1911268001,562,Escherichia coli,1.0,0.38985,0.3921211965630169,,False,Synergy
10028UTI,10028SEQ-1911268005-d-02-0036-GATATTGTGT-ACCGTGTGGT-5ddfdcfb,1911268005,562,Escherichia coli,0.4256,0.0,0.0004327400882349705,,False,Synergy
10028UTI,10028SEQ-1911278003-d-06-0036-AGGAGGTATC-TGCCAACTGG-5ddfdcfb,1911278003,562,Escherichia coli,0.4768,0.32535,0.4292524965069073,,False,Synergy
10028UTI,10028SEQ-1911278004-d-07-0036-GCTGACGTTG-AATGCGAACA-5ddfdcfb,1911278004,562,Escherichia coli,0.9408,0.21665,0.24505557776302714,,False,Synergy
10028UTI,10028SEQ-1911278001-d-04-0036-CTGCGTTACC-TCGAGCCATA-5ddfdcfb,1911278001,562,Escherichia coli,1.0,0.91875,0.8292253585691706,DETECTED,True,Synergy
10029UTI,10029SEQ-1911278005-d-01-0037-TCTAGGCGCG-TTAACCTTCG-5de277c7,1911278005,562,Escherichia coli,0.4715242881072027,0.10125,0.0805189947227713,,False,Synergy
10029UTI,10029SEQ-1911278006-d-02-0037-ATAGCCAAGA-CAGTGGCACT-5de277c7,1911278006,562,Escherichia coli,0.9487590072057646,0.5766,0.4816983948276558,,False,Synergy
10029UTI,10029SEQ-1911288002-d-06-0037-TGGTGTTATG-TAGAATTGGA-5de277c7,1911288002,562,Escherichia coli,0.8852596314907872,0.2403,0.2463721344721488,,False,Synergy
10029UTI,10029SEQ-1911288004-d-08-0037-CCAGGCACCA-TAATTAGCGT-5de277c7,1911288004,562,Escherichia coli,0.4648241206030151,0.0,0.0065131050568246395,,False,Synergy
10029UTI,10029SEQ-1911288005-d-09-0037-CCGGTTCCTA-CTCGAATATA-5de277c7,1911288005,562,Escherichia coli,1.0,0.82475,0.8399485112640778,DETECTED,True,Synergy
10029UTI,10029SEQ-1911278007-d-03-0037-TTCGGTGTGA-ATACTTGTTC-5de277c7,1911278007,562,Escherichia coli,0.5857371794871795,0.42235,0.4896710808600526,,False,Synergy
10029UTI,10029SEQ-1911288001-d-05-0037-AACGAGGCCG-ATCCAGGTAT-5de277c7,1911288001,562,Escherichia coli,1.0,0.98125,0.8761739908537816,DETECTED,True,Synergy
10030UTI,10030SEQ-1912038005-d-05-0038-GATTCTGAAT-GTCCACCGCT-5de7c50b,1912038005,562,Escherichia coli,1.0,0.7111,0.7008189056076515,INCONCLUSIVE,True,Synergy
10030UTI,10030SEQ-1912038007-d-07-0038-TTGTATCAGG-TGGCCTCTGT-5de7c50b,1912038007,562,Escherichia coli,0.9790619765494136,0.2334,0.21857408473637693,,False,Synergy
10030UTI,10030SEQ-1912038006-d-06-0038-TAGAGAATAC-CGAATCTATA-5de7c50b,1912038006,562,Escherichia coli,1.0,0.40355,0.3932360523835544,,False,Synergy
10030UTI,10030SEQ-1912038001-d-01-0038-TATGATGGCC-TATGACAATC-5de7c50b,1912038001,562,Escherichia coli,0.9911929543634908,0.77205,0.8636868722059843,,False,Synergy
10030UTI,10030SEQ-1912038008-d-08-0038-CACAGCGGTC-CAATAGGAAT-5de7c50b,1912038008,562,Escherichia coli,1.0,0.6622,0.6527370810580861,INCONCLUSIVE,True,Synergy
10030UTI,10030SEQ-1912038014-d-11-0038-ATAGCGGAAT-TACTCTGCGC-5de7c50b,1912038014,562,Escherichia coli,0.5452261306532663,0.07385,0.06680700158793608,,False,Synergy
10030UTI,10030SEQ-1912038012-d-13-0038-CTAGATTGCG-CGCCATATCT-5de7c50b,1912038012,562,Escherichia coli,1.0,0.41405,0.4086826731602128,,False,Synergy
10030UTI,10030SEQ-1912038011-d-12-0038-GCAATATTCA-AATTGGCGCC-5de7c50b,1912038011,562,Escherichia coli,1.0,0.7875,0.7464656503386742,INCONCLUSIVE,True,Synergy
10030UTI,10030SEQ-1912038010-d-10-0038-GTTCGGAGTT-TCAGAAGGCG-5de7c50b,1912038010,562,Escherichia coli,0.4987405541561713,0.0821,0.06374481537034117,,False,Synergy
10030UTI,10030SEQ-1912038009-d-09-0038-CCACGCTGAA-CTGAGGAATA-5de7c50b,1912038009,562,Escherichia coli,0.8512,0.6472,0.7080691357300288,,False,Synergy
10032UTI,10032SEQ-1912038016-d-02-0039-AGGACAGGCC-AGCTGGAATG-5de9168a,1912038016,562,Escherichia coli,1.0,0.9722,0.8803363637363806,DETECTED,True,Synergy
10032UTI,10032SEQ-1912048002-d-04-0039-GTTGGATGAA-TTACCTGGAA-5de9168a,1912048002,562,Escherichia coli,1.0,0.8616,0.8922367161628423,DETECTED,True,Synergy
10032UTI,10032SEQ-1912048004-d-06-0039-AATTCCATCT-GTAACTGAAG-5de9168a,1912048004,562,Escherichia coli,0.852,0.1768,0.10268408873372184,,False,Synergy
10032UTI,10032SEQ-1912048001-d-03-0039-ACAACTACTG-TGTGATAACT-5de9168a,1912048001,562,Escherichia coli,0.6944,0.06575,0.02319560218717109,,False,Synergy
10032UTI,10032SEQ-1912038015-d-01-0039-TCCGCCAATT-CAGCACGGAG-5de9168a,1912038015,562,Escherichia coli,0.8542713567839196,0.3747,0.4454875843934854,,False,Synergy
10033UTI,10033SEQ-1912058004-d-07-0040-GGACCAGTGG-TAGGCTCGCG-5deab562,1912058004,562,Escherichia coli,0.9179655455291222,0.2735,0.1925106626424284,,False,Synergy
10033UTI,10033SEQ-1912058002-d-05-0040-GTCCACCGCT-GCTAATAGGA-5deab562,1912058002,562,Escherichia coli,1.0,0.997,0.8664776790462115,DETECTED,True,Synergy
10033UTI,10033SEQ-1912048006-d-01-0040-ATGTTGTTGG-TCATAGATTG-5deab562,1912048006,562,Escherichia coli,1.0,0.94085,0.8827567743993897,INCONCLUSIVE,True,Synergy
10033UTI,10033SEQ-1912048008-d-03-0040-AGGCGTTCGC-GTTGGATGAA-5deab562,1912048008,562,Escherichia coli,0.932,0.24815,0.23248044418202954,,False,Synergy
10033UTI,10033SEQ-1912048007-d-02-0040-GCACCACCAA-ATCAGTACCA-5deab562,1912048007,562,Escherichia coli,1.0,0.8881,0.8265665741287438,INCONCLUSIVE,True,Synergy
10033UTI,10033SEQ-1912058008-d-11-0040-TATCCGAGGC-CTTATTGGCC-5deab562,1912058008,562,Escherichia coli,0.9582309582309584,0.34705,0.011570296426960442,,False,Synergy
10033UTI,10033SEQ-1912058006-d-09-0040-CTCGAATATA-TCGACATCTC-5deab562,1912058006,562,Escherichia coli,1.0,0.5904,0.7099834605271361,DETECTED,True,Synergy
10034UTI,10034SEQ-1912068001-d-01-0041-ACGGTCCAAC-TGATGTAAGA-5ded0b0b,1912068001,562,Escherichia coli,0.7528830313014827,0.0989,0.04772609752788056,,False,Synergy
10034UTI,10034SEQ-1912068007-d-06-0041-CACCTTAATC-TCTATCCTAA-5ded0b0b,1912068007,562,Escherichia coli,0.9055244195356285,0.23865,0.2602564901845013,,False,Synergy
10034UTI,10034SEQ-1912068003-d-02-0041-GTAACTTGGT-AGGTATGGCG-5ded0b0b,1912068003,562,Escherichia coli,1.0,0.82285,0.7851482134802205,INCONCLUSIVE,True,Synergy
10034UTI,10034SEQ-1912068008-d-07-0041-TTGAATGTTG-CTAGATTGCG-5ded0b0b,1912068008,562,Escherichia coli,1.0,0.444,0.42163920478507855,,False,Synergy
10034UTI,10034SEQ-1912068006-d-05-0041-CAACACCGCA-TGCTACTGCC-5ded0b0b,1912068006,562,Escherichia coli,1.0,0.8736,0.8628617322072312,INCONCLUSIVE,True,Synergy
10034UTI,10034SEQ-1912068009-d-08-0041-CCGGTAACAC-AGTACAACTC-5ded0b0b,1912068009,562,Escherichia coli,1.0,0.4869,0.487331350552477,,False,Synergy
10034UTI,10034SEQ-1912068005-d-04-0041-TGCTACTGCC-CCTCCGGTTG-5ded0b0b,1912068005,562,Escherichia coli,1.0,0.84965,0.8521202430679072,INCONCLUSIVE,True,Synergy
10036UTI,10036SEQ-1912078004-d-05-0042-CCGTGACCGA-CAACGTTCGG-5defae0b,1912078004,562,Escherichia coli,0.6712,0.0,0.010855175094707736,,False,Synergy
10036UTI,10036SEQ-1912068011-d-01-0042-GAATTACAAG-CTGAGCCGGT-5defae0b,1912068011,562,Escherichia coli,1.0,0.6533,0.6245906388783964,INCONCLUSIVE,True,Synergy
10036UTI,10036SEQ-1912078006-d-07-0042-TCCGCCAATT-CAGCACGGAG-5defae0b,1912078006,562,Escherichia coli,1.0,0.73835,0.7137571007881004,INCONCLUSIVE,True,Synergy
10037UTI,10037SEQ-1912108006-d-06-0043-AGGAGGTATC-TGCCAACTGG-5df0ff8a,1912108006,562,Escherichia coli,1.0,0.879,0.8910521818535212,DETECTED,True,Synergy
10037UTI,10037SEQ-1912108002-d-02-0043-GATATTGTGT-ACCGTGTGGT-5df0ff8a,1912108002,562,Escherichia coli,0.7912,0.0849,0.0,,False,Synergy
10037UTI,10037SEQ-1912108012-d-12-0043-ATGTAACGTT-CAGCAATCGT-5df0ff8a,1912108012,562,Escherichia coli,1.0,0.97745,0.9412023573332944,INCONCLUSIVE,True,Synergy
10037UTI,10037SEQ-baker-emily-d-13-0043-AACGAGGCCG-ATCCAGGTAT-5df0ff8a,"baker,emily",562,Escherichia coli,1.0,0.79045,0.6984608388556591,DETECTED,True,Synergy
10037UTI,10037SEQ-1912108010-d-10-0043-ATAGCCAAGA-CAGTGGCACT-5df0ff8a,1912108010,562,Escherichia coli,0.7674223341729639,0.0813,0.04333635273451397,,False,Synergy
10037UTI,10037SEQ-1912108011-d-11-0043-TTCGGTGTGA-ATACTTGTTC-5df0ff8a,1912108011,562,Escherichia coli,1.0,0.85625,0.8069685823361363,INCONCLUSIVE,True,Synergy
10037UTI,10037SEQ-1912108009-d-09-0043-TCTAGGCGCG-TTAACCTTCG-5df0ff8a,1912108009,562,Escherichia coli,0.5408,0.0701,0.04113231211562229,,False,Synergy
10039UTI,10039SEQ-1912118003-d-03-0044-GAATACCTAT-ACTCTATTGT-5df2510b,1912118003,562,Escherichia coli,1.0,0.4047,0.4537829918476168,,False,Synergy
10039UTI,10039SEQ-1912118001-d-01-0044-CCGGTTCCTA-CTCGAATATA-5df2510b,1912118001,562,Escherichia coli,0.9976,0.4934,0.4619683806352478,,False,Synergy
10039UTI,10039SEQ-1912118004-d-04-0044-TACGTGAAGG-CTAATAACCG-5df2510b,1912118004,562,Escherichia coli,0.9038304808475958,0.1666,0.15432318350013385,,False,Synergy
10039UTI,10039SEQ-1912118011-d-10-0044-CGCAGCAATT-ATAGCGGAAT-5df2510b,1912118011,562,Escherichia coli,0.9983619983619983,0.8217,0.0,,False,Synergy
10039UTI,10039SEQ-1912118009-d-08-0044-AATCCAATTG-CCTCTACATG-5df2510b,1912118009,562,Escherichia coli,0.4048,0.0,0.000352059732801332,,False,Synergy
10039UTI,10039SEQ-1912118008-d-07-0044-GTTGGATGAA-TTACCTGGAA-5df2510b,1912118008,562,Escherichia coli,0.4768,0.0,0.0007334577766694416,,False,Synergy
10042UTI,10042SEQ-1912118012-d-01-0045-ATTAACAAGG-ACGAACAACA-5df3a24f,1912118012,562,Escherichia coli,0.252,0.0,0.0017676332417733546,,False,Synergy
10042UTI,10042SEQ-1912128001-d-02-0045-TGATGGCTAC-ATGTTGTTGG-5df3a24f,1912128001,562,Escherichia coli,0.2537688442211055,0.10615,0.0895845328424056,,False,Synergy
10042UTI,10042SEQ-1912128004-d-05-0045-TAGAGAATAC-CGAATCTATA-5df3a24f,1912128004,562,Escherichia coli,1.0,0.9232,0.9159310696381486,DETECTED,True,Synergy
10042UTI,10042SEQ-1912128002-d-03-0045-CCAGGCACCA-TAATTAGCGT-5df3a24f,1912128002,562,Escherichia coli,0.9983619983619983,0.82765,0.0,,False,Synergy
10042UTI,10042SEQ-1912128005-d-06-0045-TTGTATCAGG-TGGCCTCTGT-5df3a24f,1912128005,562,Escherichia coli,0.9704,0.3814,0.3630799358957903,,False,Synergy
10042UTI,10042SEQ-1912128007-d-08-0045-TATGACAATC-ATACAAGCAA-5df3a24f,1912128007,562,Escherichia coli,1.0,0.70085,0.6753129114239717,INCONCLUSIVE,True,Synergy
10042UTI,10042SEQ-1912128003-d-04-0045-GATTCTGAAT-GTCCACCGCT-5df3a24f,1912128003,562,Escherichia coli,0.5801847187237615,0.06635,0.025660020316780413,,False,Synergy
10043UTI,10044SEQ-1912138002-d-02-0046-TATGTAGTCA-CATTAGTGCG-5df63e46,1912138002,562,Escherichia coli,0.7889447236180904,0.15785,0.11288648640719375,,False,Synergy
10043UTI,10044SEQ-1912138003-d-03-0046-CTGAGGAATA-AGTGGTTAAG-5df63e46,1912138003,562,Escherichia coli,0.9104,0.1852,0.15046886288373595,,False,Synergy
10044UTI,10044SEQ-Robbins--Candace-d-10-0046-AGAGGCAACC-CCATCATTAG-5df63e46,"Robbins, Candace",562,Escherichia coli,1.0,0.95335,0.9021383961478796,DETECTED,True,Synergy
10044UTI,10044SEQ-1912148007-d-07-0046-TCCATTGCCG-TCGTGCATTC-5df63e46,1912148007,562,Escherichia coli,0.8686949559647719,0.1214,0.05382846622977032,,False,Synergy
10044UTI,10044SEQ-1912148006-d-06-0046-GAAGCGGCAC-AGTAGAGCCG-5df63e46,1912148006,562,Escherichia coli,0.9743795036028824,0.28025,0.27810151789086884,,False,Synergy
10044UTI,10044SEQ-1912148008-d-08-0046-CGGTTACGGC-CTATAGTCTT-5df63e46,1912148008,562,Escherichia coli,0.988,0.1778,0.15581577007565614,,False,Synergy
10044UTI,10044SEQ-1912148003-d-03-0046-CCGTATGTTC-ACAGTGTATG-5df63e46,1912148003,562,Escherichia coli,1.0,0.99565,0.8598692244784198,DETECTED,True,Synergy
10044UTI,10044SEQ-1912148002-d-02-0046-AGTCAGACGA-TGTCGCTGGT-5df63e46,1912148002,562,Escherichia coli,0.9895916733386708,0.3417,0.3549128835525761,,False,Synergy
10044UTI,10044SEQ-1912148001-d-01-0046-GACTGAGTAG-CACTATCAAC-5df63e46,1912148001,562,Escherichia coli,1.0,0.5563,0.4018541812594204,,False,Synergy
10046UTI,10046SEQ-1912188011-d-08-0047-ACAGTGTATG-CCGTATGTTC-5dfd2ed6,1912188011,562,Escherichia coli,0.9784,0.5593,0.0,,False,Synergy
10046UTI,10046SEQ-1912188009-d-06-0047-CCACCAGGCA-ATTCCATAAG-5dfd2ed6,1912188009,562,Escherichia coli,0.9784,0.5592,0.0,,False,Synergy
10046UTI,10046SEQ-1912188004-d-04-0047-ACCACGACAT-CCGCATACGA-5dfd2ed6,1912188004,562,Escherichia coli,0.5148118494795837,0.05285,0.01330492406878367,,False,Synergy
10046UTI,10046SEQ-1912188003-d-03-0047-TAAGCATCCA-AATGGATTGA-5dfd2ed6,1912188003,562,Escherichia coli,0.972,0.185,0.11885316542039966,,False,Synergy
10046UTI,10046SEQ-1912188010-d-07-0047-GTGACACGCA-GTCCGTAAGC-5dfd2ed6,1912188010,562,Escherichia coli,0.9784,0.55795,0.0,,False,Synergy
10048UTI,10048SEQ-1912198005-d-05-0048-CGTTATTCTA-AACCTTATGG-5dfe2e4f,1912198005,562,Escherichia coli,1.0,0.9459,0.8408873372182147,DETECTED,True,Synergy
10048UTI,10048SEQ-1912198002-d-02-0048-GTCTAATGGC-CCTGACCACT-5dfe2e4f,1912198002,562,Escherichia coli,0.8246597277822257,0.14145,0.1049908134413472,,False,Synergy
10048UTI,10048SEQ-1912198009-d-09-0048-AGTGTTGCAC-CGTGTACCAG-5dfe2e4f,1912198009,562,Escherichia coli,0.6157556270096463,0.10095,0.08489040307172117,,False,Synergy
10048UTI,10048SEQ-1912198004-d-04-0048-CTGCGAGCCA-TGGCCGGATT-5dfe2e4f,1912198004,562,Escherichia coli,0.6298157453936348,0.1132,0.08277804467491318,,False,Synergy
10048UTI,10048SEQ-1912198008-d-08-0048-CAGTGGCACT-CCTATTGTTA-5dfe2e4f,1912198008,562,Escherichia coli,0.5468374699759808,0.06345,0.01858582006080365,,False,Synergy
10049UTI,10049SEQ-1912208007-d-08-0049-ACACAGGTGG-ACAACGCTCA-5dff34ce,1912208007,562,Escherichia coli,0.29219143576826195,0.0,0.0201590869917596,,False,Synergy
10049UTI,10049SEQ-1912208006-d-07-0049-CTTGTACACC-AAGCGCGCTT-5dff34ce,1912208006,562,Escherichia coli,1.0,0.6214,0.5736043215332202,DETECTED,True,Synergy
10049UTI,10049SEQ-1912208004-d-05-0049-TGGAGTACTT-TCCACACAGA-5dff34ce,1912208004,562,Escherichia coli,0.8311367380560132,0.26425,0.29318874435695924,,False,Synergy
10049UTI,10049SEQ-1912198010-d-01-0049-TAATGTGTCT-TATGCCTTAC-5dff34ce,1912198010,562,Escherichia coli,0.7489878542510121,0.35415,0.36012043376692915,,False,Synergy
10050UTI,10050SEQ-1912218003-d-03-0050-CTCTGCAGCG-TACATCCATC-5e00864e,1912218003,562,Escherichia coli,0.7968,0.41025,0.3857804540837095,,False,Synergy
10053UTI,10053SEQ-1912248001-d-01-0051-TGTCGCTGGT-AGTCAGACGA-5e03744f,1912248001,562,Escherichia coli,0.9983619983619983,0.83885,0.0,,False,Synergy
10053UTI,10053SEQ-1912248003-d-03-0051-TATGCCTTAC-TAATGTGTCT-5e03744f,1912248003,562,Escherichia coli,0.4328,0.0,0.0011992034648545366,,False,Synergy
10053UTI,10053SEQ-1912248005-d-05-0051-TGGTACCTAA-AGTACTCATG-5e03744f,1912248005,562,Escherichia coli,1.0,0.93035,0.9019440298370625,DETECTED,True,Synergy
10054UTI,10054SEQ-1912278004-d-05-0052-ACATATCCAG-ATTGCACATA-5e07690b,1912278004,562,Escherichia coli,0.7347611202635914,0.27975,0.2345414605344707,,False,Synergy
10054UTI,10054SEQ-1912278001-d-02-0052-ACTTCAAGCG-TTCATGGTTC-5e07690b,1912278001,562,Escherichia coli,1.0,0.9109,0.9140387485743414,DETECTED,True,Synergy
10054UTI,10054SEQ-1912278005-d-06-0052-TCATAGATTG-CACCTTAATC-5e07690b,1912278005,562,Escherichia coli,1.0,0.8624,0.8068438945141025,INCONCLUSIVE,True,Synergy
10054UTI,10054SEQ-1912248002repeat-d-07-0052-GTATTCCACC-TTGTCTACAT-5e07690b,1912248002repeat,562,Escherichia coli,0.672,0.244,0.3159809447669621,,False,Synergy
10055UTI,10055SEQ-1912288004-d-04-0053-TCAATGGAGA-GTTGTAGTGC-5e08ba4f,1912288004,562,Escherichia coli,1.0,0.5539999999999999,0.5898540785753316,,False,Synergy
10055UTI,10055SEQ-1912288001-d-01-0053-TGCCGGTCAG-TTGTATCAGG-5e08ba4f,1912288001,562,Escherichia coli,1.0,0.7501,0.7478995602920628,DETECTED,True,Synergy
10055UTI,10055SEQ-1912288002-d-02-0053-CACTCAATTC-CACAACTTAA-5e08ba4f,1912288002,562,Escherichia coli,1.0,0.71505,0.7085715543070474,INCONCLUSIVE,True,Synergy
10056UTI,10056SEQ-1912318003-d-03-0054-ACGTTCCTTA-CACAGCGGTC-5e0caf0b,1912318003,562,Escherichia coli,0.5136,0.09055,0.04082059256053777,,False,Synergy
10056UTI,10056SEQ-1912318001-d-01-0054-TATGATGGCC-TATGACAATC-5e0caf0b,1912318001,562,Escherichia coli,0.626465661641541,0.0,0.006201385501740129,,False,Synergy
10059UTI,10060SEQ-2001038006-d-07-0056-AGCCTATGAT-GTAGGTGGTG-5e139bdb,2001038006,562,Escherichia coli,1.0,0.73835,0.7135407307439829,INCONCLUSIVE,True,Synergy
10059UTI,10060SEQ-2001038004-d-05-0056-TTAACCTTCG-TGTCTGGCCT-5e139bdb,2001038004,562,Escherichia coli,0.8984438984438985,0.6149,0.0,,False,Synergy
10059UTI,10060SEQ-2001038008-d-09-0056-TAGAGAATAC-CGAATCTATA-5e139bdb,2001038008,562,Escherichia coli,0.4995904995904996,0.1125,0.0,,False,Synergy
10059UTI,10060SEQ-2001038007-d-08-0056-TATGACAATC-ATACAAGCAA-5e139bdb,2001038007,562,Escherichia coli,1.0,0.41485,0.3952457266916287,,False,Synergy
10059UTI,10060SEQ-2001038001-d-02-0056-TTAACGGTGT-ACGGTCAGGA-5e139bdb,2001038001,562,Escherichia coli,0.6415396952686447,0.0806,0.03971307131776691,,False,Synergy
10059UTI,10060SEQ-2001038003-d-04-0056-CGTGTACCAG-AACTTATCCT-5e139bdb,2001038003,562,Escherichia coli,1.0,0.98845,0.7801680351766349,DETECTED,True,Synergy
10059UTI,10060SEQ-2001038005-d-06-0056-CATATGCGAT-CCGTTCAAGG-5e139bdb,2001038005,562,Escherichia coli,1.0,0.7257,0.7618169216043655,DETECTED,True,Synergy
10060UTI,10060SEQ-2001048002-d-02-0056-CGATGCGGTT-ACCAAGCAGG-5e139bdb,2001048002,562,Escherichia coli,0.9704,0.2805,0.2712290185234761,,False,Synergy
10061UTI,10061SEQ-2001078006-d-06-0057-AACATCGCGC-ACAAGTGGAC-5e163b1a,2001078006,562,Escherichia coli,0.9912,0.6808,0.5889519255100282,,False,Synergy
10062UTI,10062SEQ-2001088008-d-08-0058-AACGCACGAG-TATCCGAGGC-5e18418b,2001088008,562,Escherichia coli,0.9912,0.2107,0.17670831484408522,,False,Synergy
10062UTI,10062SEQ-2001088014-d-14-0058-AACACTGTTA-TGAGACTTGC-5e18418b,2001088014,562,Escherichia coli,1.0,0.95755,0.8303915564340749,DETECTED,True,Synergy
10062UTI,10062SEQ-2001088003-d-03-0058-CCTGTCTGTC-TCACAACAGT-5e18418b,2001088003,562,Escherichia coli,1.0,0.9929,0.8532240970217947,DETECTED,True,Synergy
10062UTI,10062SEQ-2001088004-d-04-0058-TGATGTAAGA-AAGGACGCAC-5e18418b,2001088004,562,Escherichia coli,1.0,0.9901,0.8166245539659895,DETECTED,True,Synergy
10062UTI,10062SEQ-2001088001-d-01-0058-AGTGTTGCAC-CGTGTACCAG-5e18418b,2001088001,562,Escherichia coli,0.76,0.08335,0.05594082462657831,,False,Synergy
10062UTI,10062SEQ-2001088017-d-17-0058-AGTCAGACGA-TGTCGCTGGT-5e18418b,2001088017,562,Escherichia coli,0.5512820512820513,0.09115,0.048015813349665,,False,Synergy
10062UTI,10062SEQ-2001088013-d-13-0058-TGGCTAATCA-CTACATGCCT-5e18418b,2001088013,562,Escherichia coli,1.0,0.4819,0.455686314778074,,False,Synergy
10062UTI,10062SEQ-2001088015-d-15-0058-ATTGCGCGGT-GCGGAGCCAA-5e18418b,2001088015,562,Escherichia coli,0.9983619983619983,0.37715,0.0,,False,Synergy
10062UTI,10062SEQ-2001088012-d-12-0058-TTACCTGGAA-CTGGAACTGT-5e18418b,2001088012,562,Escherichia coli,0.6405124099279423,0.1197,0.08127078894385747,,False,Synergy
10062UTI,10062SEQ-2001088009-d-09-0058-TCTATCCTAA-CCAGTCGACG-5e18418b,2001088009,562,Escherichia coli,0.9951961569255404,0.6023,0.6090156629908208,,False,Synergy
10064UTI,10064SEQ-2001098009-d-09-0059-CCTGCGGAAC-AGCCTATGAT-5e188c8b,2001098009,562,Escherichia coli,1.0,0.60305,0.6128039724073184,INCONCLUSIVE,True,Synergy
10064UTI,10064SEQ-2001098008-d-08-0059-ACACAGGTGG-ACAACGCTCA-5e188c8b,2001098008,562,Escherichia coli,0.9704,0.2072,0.2218893138869228,,False,Synergy
10064UTI,10064SEQ-2001098006-d-06-0059-GTATTGACGT-TTGGAATTCC-5e188c8b,2001098006,562,Escherichia coli,1.0,0.43135,0.4147520362621525,,False,Synergy
10064UTI,10064SEQ-2001098010-d-10-0059-TTCATAAGGT-CCTTCTAACA-5e188c8b,2001098010,562,Escherichia coli,0.9575660528422738,0.20655,0.16646190970401312,,False,Synergy
10064UTI,10064SEQ-2001098011-d-11-0059-CTCTGCAGCG-TACATCCATC-5e188c8b,2001098011,562,Escherichia coli,0.12174643157010916,,,,False,Synergy
10066UTI,10066SEQ-2001098015-d-03-0060-TATGCCTTAC-TAATGTGTCT-5e19de0b,2001098015,562,Escherichia coli,1.0,0.4065,0.4031487342352419,,False,Synergy
10066UTI,10066SEQ-2001108004-d-09-0060-GTCCGTAAGC-AAGATACACG-5e19de0b,2001108004,562,Escherichia coli,0.8358686949559647,0.15195,0.13291355099915286,,False,Synergy
10066UTI,10066SEQ-2001108003-d-08-0060-GGAGCGTGTA-ACTTACGGAT-5e19de0b,2001108003,562,Escherichia coli,0.9144,0.35195,0.321060139870398,,False,Synergy
10066UTI,10066SEQ-2001108006-d-11-0060-TCAGAAGGCG-TATGATGGCC-5e19de0b,2001108006,562,Escherichia coli,0.8248,0.1504,0.122025370304495,,False,Synergy
10066UTI,10066SEQ-2001098017-d-05-0060-TGGTACCTAA-AGTACTCATG-5e19de0b,2001098017,562,Escherichia coli,0.9722901385493072,0.36275,0.35280419244465144,,False,Synergy
10066UTI,10066SEQ-2001108001-d-06-0060-TTGGAATTCC-GTATTGACGT-5e19de0b,2001108001,562,Escherichia coli,0.9983619983619983,0.83325,0.0,,False,Synergy
10066UTI,10066SEQ-2001108012-d-17-0060-CGTTATTCTA-AACCTTATGG-5e19de0b,2001108012,562,Escherichia coli,1.0,0.5486,0.5606074497306376,,False,Synergy
10066UTI,10066SEQ-2001108010-d-15-0060-GTATTCCACC-TTGTCTACAT-5e19de0b,2001108010,562,Escherichia coli,1.0,0.41655,0.38392480590873584,,False,Synergy
10066UTI,10066SEQ-2001108011-d-16-0060-CCTCCGTCCA-CACCGATGTG-5e19de0b,2001108011,562,Escherichia coli,0.0728,,,,False,Synergy
10067UTI,10067SEQ-2001118007-d-07-0061-GGACCAGTGG-TAGGCTCGCG-5e1b2846,2001118007,562,Escherichia coli,0.9984,0.826,0.014885525577506315,,False,Synergy
10067UTI,10067SEQ-2001118002-d-02-0061-GCACCACCAA-ATCAGTACCA-5e1b2846,2001118002,562,Escherichia coli,0.7584,0.48955,0.5811295983218486,,False,Synergy
10067UTI,10067SEQ-2001118011-d-11-0061-TATCCGAGGC-CTTATTGGCC-5e1b2846,2001118011,562,Escherichia coli,1.0,0.987,0.8824560567109553,DETECTED,True,Synergy
10067UTI,10067SEQ-2001118005-d-05-0061-GTCCACCGCT-GCTAATAGGA-5e1b2846,2001118005,562,Escherichia coli,0.9983619983619983,0.81265,0.011570296426960442,,False,Synergy
10067UTI,10067SEQ-2001118008-d-08-0061-CCTTCTAACA-AGAGCTTATC-5e1b2846,2001118008,562,Escherichia coli,1.0,0.9476,0.9219967654512048,DETECTED,True,Synergy
10067UTI,10067SEQ-2001118006-d-06-0061-ATTGTTCGTC-AATCTAGAGA-5e1b2846,2001118006,562,Escherichia coli,1.0,0.4408,0.4245473648695729,,False,Synergy
10069UTI,10069SEQ-2001148011-d-11-0063-GATTCTGAAT-GTCCACCGCT-5e1f1cc7,2001148011,562,Escherichia coli,1.0,0.4644,0.4993857291120393,,False,Synergy
10069UTI,10069SEQ-2001148004-d-04-0063-GCAATATTCA-AATTGGCGCC-5e1f1cc7,2001148004,562,Escherichia coli,0.9856,0.6324,0.6389334057011673,,False,Synergy
10069UTI,10069SEQ-2001148001-d-01-0063-CCACGCTGAA-CTGAGGAATA-5e1f1cc7,2001148001,562,Escherichia coli,0.5657051282051282,0.2484,0.2555476912582835,,False,Synergy
10069UTI,10069SEQ-2001148009-d-09-0063-ACGTTCCTTA-CACAGCGGTC-5e1f1cc7,2001148009,562,Escherichia coli,0.6856,0.28345,0.3727982514366604,,False,Synergy
10070UTI,10070SEQ-2001158004-d-04-0064-TGCTACTGCC-CCTCCGGTTG-5e206e83,2001158004,562,Escherichia coli,0.9256,0.4566,0.4982452022693184,,False,Synergy
10070UTI,10070SEQ-2001158008-d-08-0064-CCGGTAACAC-AGTACAACTC-5e206e83,2001158008,562,Escherichia coli,0.20623501199040767,0.0,0.0003447251550346376,,False,Synergy
10070UTI,10070SEQ-2001158002-d-02-0064-GTAACTTGGT-AGGTATGGCG-5e206e83,2001158002,562,Escherichia coli,0.9807846277021616,0.2697,0.2577480645882918,,False,Synergy
10070UTI,10070SEQ-2001158005-d-05-0064-CAACACCGCA-TGCTACTGCC-5e206e83,2001158005,562,Escherichia coli,1.0,0.83355,0.6416031920082441,DETECTED,True,Synergy
10070UTI,10070SEQ-2001158001-d-01-0064-ACGGTCCAAC-TGATGTAAGA-5e206e83,2001158001,562,Escherichia coli,0.4456,0.29625,0.34252478170462924,,False,Synergy
10071UTI,10071SEQ-2001168010-d-10-0065-GCACCACCAA-ATCAGTACCA-5e21bfc6,2001168010,562,Escherichia coli,0.460431654676259,0.08305,0.0829504072524305,,False,Synergy
10071UTI,10071SEQ-2001168009-d-09-0065-ATGTTGTTGG-TCATAGATTG-5e21bfc6,2001168009,562,Escherichia coli,0.9439551641313052,0.43245,0.4474825895460263,,False,Synergy
10071UTI,10071SEQ-2001168013-d-13-0065-GTCCACCGCT-GCTAATAGGA-5e21bfc6,2001168013,562,Escherichia coli,0.7868589743589743,0.098,0.053414062585952084,,False,Synergy
10071UTI,10071SEQ-2001168006-d-06-0065-CATATGCGAT-CCGTTCAAGG-5e21bfc6,2001168006,562,Escherichia coli,0.3887489504617968,0.0,0.0011331922649542873,,False,Synergy
10071UTI,10071SEQ-2001168001-d-01-0065-AATTCCATCT-GTAACTGAAG-5e21bfc6,2001168001,562,Escherichia coli,1.0,0.91485,0.7298785027192947,DETECTED,True,Synergy
10071UTI,10071SEQ-2001168008-d-08-0065-TATGACAATC-ATACAAGCAA-5e21bfc6,2001168008,562,Escherichia coli,0.6642453591606134,0.08445,0.032209798262438534,,False,Synergy
10071UTI,10071SEQ-2001168012-d-12-0065-CCTCCGGTTG-TGGTGTTATG-5e21bfc6,2001168012,562,Escherichia coli,0.5652522017614091,0.0762,0.04312364997927982,,False,Synergy
10071UTI,10071SEQ-2001168017-d-17-0065-CTCGAATATA-TCGACATCTC-5e21bfc6,2001168017,562,Escherichia coli,1.0,0.52995,0.5246386803627682,,False,Synergy
10071UTI,10071SEQ-KENNETH-WISE-d-18-0065-GATCGTCGCG-ACATATCCAG-5e21bfc6,KENNETH WISE,562,Escherichia coli,1.0,0.51145,0.4825748768707757,,False,Synergy
10071UTI,10071SEQ-2001168016-d-16-0065-CCTTCTAACA-AGAGCTTATC-5e21bfc6,2001168016,562,Escherichia coli,0.9888,0.09335,0.0,,False,Synergy
10072UTI,10072SEQ-2001178014-d-14-0066-GAAGCGGCAC-AGTAGAGCCG-5e23188b,2001178014,562,Escherichia coli,0.8776,0.068,0.0,,False,Synergy
10072UTI,10072SEQ-2001178013-d-13-0066-CTTGCCATTA-CCTTCGTGAT-5e23188b,2001178013,562,Escherichia coli,0.8759007205764612,0.1659,0.17298968391637115,,False,Synergy
10072UTI,10072SEQ-2001178011-d-11-0066-CCGTATGTTC-ACAGTGTATG-5e23188b,2001178011,562,Escherichia coli,1.0,0.974,0.8728000850811021,DETECTED,True,Synergy
10072UTI,10072SEQ-2001178002-d-02-0066-AGGTCAGATA-TATCTTGTAG-5e23188b,2001178002,562,Escherichia coli,1.0,0.65985,0.6642120279740796,INCONCLUSIVE,True,Synergy
10072UTI,10072SEQ-2001178007-d-07-0066-CTAGTGCTCT-TACTGTTCCA-5e23188b,2001178007,562,Escherichia coli,0.9467649467649468,0.4697,0.0,,False,Synergy
10072UTI,10072SEQ-2001178005-d-05-0066-GACGAGATTA-AGGATAATGT-5e23188b,2001178005,562,Escherichia coli,0.8544,0.2912,0.34601604072157577,,False,Synergy
10072UTI,10072SEQ-2001178010-d-10-0066-AGTCAGACGA-TGTCGCTGGT-5e23188b,2001178010,562,Escherichia coli,0.9584,0.1882,0.1103560570776842,,False,Synergy
10073UTI,10073SEQ-2001188009-d-09-0067-TGATTATACG-TGTAATCGAC-5e25cf77,2001188009,562,Escherichia coli,0.7536,0.09125,0.06978484016121403,,False,Synergy
10073UTI,10073SEQ-2001188010-d-10-0067-CAGCCGCGTA-CACGGCTAGT-5e25cf77,2001188010,562,Escherichia coli,1.0,0.96505,0.8441878972132272,,False,Synergy
10073UTI,10073SEQ-2001188006-d-06-0067-CCACCAGGCA-ATTCCATAAG-5e25cf77,2001188006,562,Escherichia coli,0.4204355108877722,0.0,0.0054532585695372966,,False,Synergy
10073UTI,10073SEQ-2001188012-d-12-0067-ACCGGCCGTA-AATATTGCCA-5e25cf77,2001188012,562,Escherichia coli,0.3819095477386935,0.174,0.16236921531019766,,False,Synergy
10073UTI,10073SEQ-2001188004-d-04-0067-ACCACGACAT-CCGCATACGA-5e25cf77,2001188004,562,Escherichia coli,1.0,0.35995,0.21969260784579786,,False,Synergy
10073UTI,10073SEQ-2001188001-d-01-0067-AACCATAGAA-CCATCTCGCC-5e25cf77,2001188001,562,Escherichia coli,0.6239530988274706,0.119,0.10903950036856254,,False,Synergy
10075UTI,10075SEQ-2001218010-d-09-0068-AGAGGCAACC-CCATCATTAG-5e285f7b,2001218010,562,Escherichia coli,0.9856,0.6384,0.3960451956681984,,False,Synergy
10075UTI,10075SEQ-2001218013-d-12-0068-ATGGTTGACT-AGGACAGGCC-5e285f7b,2001218013,562,Escherichia coli,1.0,0.71245,0.7184255595366014,INCONCLUSIVE,True,Synergy
10075UTI,10075SEQ-2001218014-d-13-0068-TATTGCGCTC-CCTAACACAG-5e285f7b,2001218014,562,Escherichia coli,0.6896,0.2196,0.25561736974706706,,False,Synergy
10075UTI,10075SEQ-2001218009-d-08-0068-CCTCCGTCCA-CACCGATGTG-5e285f7b,2001218009,562,Escherichia coli,0.9983619983619983,0.8271,0.014247417311803904,,False,Synergy
10075UTI,10075SEQ-2001218008-d-07-0068-GTATTCCACC-TTGTCTACAT-5e285f7b,2001218008,562,Escherichia coli,1.0,0.8146,0.7916796549814619,DETECTED,True,Synergy
10076UTI,10076SEQ-2001228008-d-08-0069-CCGGTAACAC-AGTACAACTC-5e29a8c7,2001228008,562,Escherichia coli,0.7211055276381909,0.17285,0.2101429875935617,,False,Synergy
10076UTI,10076SEQ-2001228007-d-07-0069-TTGAATGTTG-CTAGATTGCG-5e29a8c7,2001228007,562,Escherichia coli,0.7670136108887109,0.1466,0.14530898742486642,,False,Synergy
10076UTI,10076SEQ-2001228004-d-04-0069-TGCTACTGCC-CCTCCGGTTG-5e29a8c7,2001228004,562,Escherichia coli,1.0,0.98365,0.8609400728323572,DETECTED,True,Synergy
10076UTI,10076SEQ-2001228010-d-10-0069-AATTCTTGGA-AAGTTGACAA-5e29a8c7,2001228010,562,Escherichia coli,0.8336,0.19865,0.1673934010803833,,False,Synergy
10077UTI,10077SEQ-2001238008-d-08-0070-GATCAAGGCA-ATTAACAAGG-5e2b018b,2001238008,562,Escherichia coli,0.7147435897435898,0.1467,0.15626684660830786,,False,Synergy
10077UTI,10077SEQ-2001238003-d-03-0070-CGTCTCATAT-AGCTACTATA-5e2b018b,2001238003,562,Escherichia coli,0.9863891112890312,0.49055,0.5183786182388945,,False,Synergy
10077UTI,10077SEQ-2001238002-d-02-0070-AGGTCAGATA-TATCTTGTAG-5e2b018b,2001238002,562,Escherichia coli,0.7452907452907452,0.3984,0.0,,False,Synergy
10077UTI,10077SEQ-2001238010-d-10-0070-AGTCAGACGA-TGTCGCTGGT-5e2b018b,2001238010,562,Escherichia coli,1.0,0.4561,0.08646367000267711,,False,Synergy
10077UTI,10077SEQ-2001238012-d-12-0070-GAGTCATAGG-AGCGCCACAC-5e2b018b,2001238012,562,Escherichia coli,0.4104,0.0,0.0103784275398726,,False,Synergy
10077UTI,10077SEQ-2001238011-d-11-0070-CCGTATGTTC-ACAGTGTATG-5e2b018b,2001238011,562,Escherichia coli,0.8807045636509208,0.287,0.3627975546517726,,False,Synergy
10078UTI,10078SEQ-2001248008-d-08-0071-TTCTACATAC-TTACAGTTAG-5e2c530b,2001248008,562,Escherichia coli,0.9983619983619983,0.375,0.013048213846949366,,False,Synergy
10078UTI,10078SEQ-2001248006-d-06-0071-TATTGCGCTC-CCTAACACAG-5e2c530b,2001248006,562,Escherichia coli,1.0,0.947,0.9458231413263116,DETECTED,True,Synergy
10078UTI,10078SEQ-2001248007-d-07-0071-ACGCCTTGTT-ACGTTCCTTA-5e2c530b,2001248007,562,Escherichia coli,0.4248,0.08375,0.044143156288850335,,False,Synergy
10078UTI,10078SEQ-2001248011-d-11-0071-TAAGCATCCA-AATGGATTGA-5e2c530b,2001248011,562,Escherichia coli,0.7672,0.1339,0.11206868098620733,,False,Synergy
10078UTI,10078SEQ-2001248010-d-10-0071-GGTTGCGAGG-TTGCTCTATT-5e2c530b,2001248010,562,Escherichia coli,1.0,0.68395,0.6844334588768561,INCONCLUSIVE,True,Synergy
10078UTI,10078SEQ-2001248001-d-01-0071-GAGAATGGTT-TTGCTGCCGA-5e2c530b,2001248001,562,Escherichia coli,0.4523618895116093,0.2093,0.2258719896142379,,False,Synergy
10078UTI,10078SEQ-2001248005-d-05-0071-ATGGTTGACT-AGGACAGGCC-5e2c530b,2001248005,562,Escherichia coli,0.8944,0.49615,0.4648582042753254,,False,Synergy
10078UTI,10078SEQ-2001248012-d-12-0071-ACCACGACAT-CCGCATACGA-5e2c530b,2001248012,562,Escherichia coli,1.0,0.8901,0.6698083108100674,DETECTED,True,Synergy
10078UTI,10078SEQ-2001248016-d-16-0071-ACAGTGTATG-CCGTATGTTC-5e2c530b,2001248016,562,Escherichia coli,0.4869857262804366,0.0622,0.02133261943443071,,False,Synergy
10078UTI,10078SEQ-2001248014-d-14-0071-CCACCAGGCA-ATTCCATAAG-5e2c530b,2001248014,562,Escherichia coli,0.9983619983619983,0.82705,0.0164844635306457,,False,Synergy
10079UTI,10079SEQ-2001258004-d-04-0072-ACAGTGTATG-CCGTATGTTC-5e2d9d47,2001258004,562,Escherichia coli,0.976,0.2549,0.15862124607141678,,False,Synergy
10079UTI,10079SEQ-2001258006-d-06-0072-ACGGTCAGGA-AACGAGGCCG-5e2d9d47,2001258006,562,Escherichia coli,1.0,0.92785,0.7577572328105002,DETECTED,True,Synergy
10079UTI,10079SEQ-2001258009-d-09-0072-ACCGGCCGTA-AATATTGCCA-5e2d9d47,2001258009,562,Escherichia coli,0.984,0.26705,0.2708219494574246,,False,Synergy
10079UTI,10079SEQ-2001258008-d-08-0072-CGGTTACGGC-CTATAGTCTT-5e2d9d47,2001258008,562,Escherichia coli,0.8657331136738056,0.21035,0.19588456841510776,,False,Synergy
10080UTI,10080SEQ-2001288003-d-03-0073-CCATCTCGCC-AACCATAGAA-5e319203,2001288003,562,Escherichia coli,1.0,0.98255,0.8784000352059733,DETECTED,True,Synergy
10080UTI,10080SEQ-2001288009-d-09-0073-AGTGTTGCAC-CGTGTACCAG-5e319203,2001288009,562,Escherichia coli,1.0,0.6375,0.6654332351722342,INCONCLUSIVE,True,Synergy
10080UTI,10080SEQ-2001288004-d-04-0073-CTGCGAGCCA-TGGCCGGATT-5e319203,2001288004,562,Escherichia coli,0.7758206565252201,0.22505,0.2472706202485689,,False,Synergy
10080UTI,10080SEQ-2001288005-d-05-0073-CGTTATTCTA-AACCTTATGG-5e319203,2001288005,562,Escherichia coli,1.0,0.7359,0.7557732295246093,INCONCLUSIVE,True,Synergy
10080UTI,10080SEQ-2001288007-d-07-0073-GTCCTGGATA-TTCGCCACCG-5e319203,2001288007,562,Escherichia coli,0.7624,0.29525,0.3527601849780513,,False,Synergy
10081UTI,10081SEQ-2001298007-d-07-0074-ATTGCGCGGT-GCGGAGCCAA-5e32ea8b,2001298007,562,Escherichia coli,0.8504,0.1507,0.0680502125193908,,False,Synergy
10084UTI,10084SEQ-2001308001-d-02-0075-TTCATAAGGT-CCTTCTAACA-5e3434c7,2001308001,562,Escherichia coli,1.0,0.8454,0.6549081160770277,DETECTED,True,Synergy
10084UTI,10084SEQ-2001308004-d-05-0075-TCTGGTATCC-GTAAGCAACG-5e3434c7,2001308004,562,Escherichia coli,1.0,0.8449,0.7047942467571998,DETECTED,True,Synergy
10084UTI,10084SEQ-2001308005-d-06-0075-CATTAGTGCG-TATGTAGTCA-5e3434c7,2001308005,562,Escherichia coli,0.816,0.0836,0.0,,False,Synergy
10086UTI,10086SEQ-2261958-d-14-0077-AGGAGGTATC-TGCCAACTGG-5e36d803,2261958,562,Escherichia coli,0.7862289831865492,0.1006,0.052530245965065406,,False,Synergy
10086UTI,10086SEQ-2002018011-d-11-0077-CGTACAGGAA-AGAGAACCTA-5e36d803,2002018011,562,Escherichia coli,1.0,0.5953,0.527224119025528,INCONCLUSIVE,True,Synergy
10086UTI,10086SEQ-2002018004-d-04-0077-ATCGGCGAAG-AATTCTTGGA-5e36d803,2002018004,562,Escherichia coli,1.0,0.53235,0.3999765293511466,,False,Synergy
10087UTI,10087SEQ-2002048001-d-02-0078-TTAACGGTGT-ACGGTCAGGA-5e3ad47b,2002048001,562,Escherichia coli,0.9983619983619983,0.81725,0.0,,False,Synergy
10087UTI,10087SEQ-2002038001-d-01-0078-AATTCCATCT-GTAACTGAAG-5e3ad47b,2002038001,562,Escherichia coli,1.0,0.98025,0.8457795005885999,DETECTED,True,Synergy
10088UTI,10088SEQ-2002058008-d-08-0079-TATGTAGTCA-CATTAGTGCG-5e3c250b,2002058008,562,Escherichia coli,0.7604690117252931,0.18095,0.14607911809036933,,False,Synergy
10088UTI,10088SEQ-2002058007-d-07-0079-CAATCGGCTG-TTCCTACAGC-5e3c250b,2002058007,562,Escherichia coli,1.0,0.7527,0.6319948951338744,DETECTED,True,Synergy
10088UTI,10088SEQ-2002058002-d-02-0079-CAGCCGCGTA-CACGGCTAGT-5e3c250b,2002058002,562,Escherichia coli,0.9927942353883108,0.38155,0.34481683725672124,,False,Synergy
10088UTI,10088SEQ-2002058005-d-05-0079-TGTAATCGAC-CGCGGTGATC-5e3c250b,2002058005,562,Escherichia coli,1.0,0.9855,0.7830725279722459,DETECTED,True,Synergy
10088UTI,10088SEQ-2002058016-d-16-0079-CAGTGGCACT-CCTATTGTTA-5e3c250b,2002058016,562,Escherichia coli,1.0,0.48105,0.294802351465632,INCONCLUSIVE,True,Synergy
10089UTI,10089SEQ-2002068004-d-05-0080-TGGCTAATCA-CTACATGCCT-5e3d6f48,2002068004,562,Escherichia coli,0.4991624790619765,0.06135,0.013125226913499656,,False,Synergy
10089UTI,10089SEQ-2002068002-d-03-0080-CTGTTGGTCC-AACGGTCTAT-5e3d6f48,2002068002,562,Escherichia coli,0.8448,0.0604,0.0,,False,Synergy
10090UTI,10090SEQ-2002078007-d-07-0081-TGGCCTCTGT-CGCTGTCTCA-5e3ec80b,2002078007,562,Escherichia coli,1.0,0.8676,0.6546514058551934,DETECTED,True,Synergy
10090UTI,10090SEQ-2002078008-d-08-0081-CCAGGCACCA-TAATTAGCGT-5e3ec80b,2002078008,562,Escherichia coli,0.6989591673338671,0.1099,0.056501919825730426,,False,Synergy
10091UTI,10091SEQ-2002078011-d-01-0082-ATGTTGTTGG-TCATAGATTG-5e401247,2002078011,562,Escherichia coli,0.9967239967239968,0.8095,0.406951712807273,,False,Synergy
10092UTI,10092SEQ-2002118003-d-05-0083-TGGAGTACTT-TCCACACAGA-5e4406c7,2002118003,562,Escherichia coli,1.0,0.2469,0.1898042034465181,,False,Synergy
10092UTI,10092SEQ-2002118008-d-10-0083-TTCATAAGGT-CCTTCTAACA-5e4406c7,2002118008,562,Escherichia coli,1.0,0.9274,0.9473854063906176,DETECTED,True,Synergy
10092UTI,10092SEQ-2002118010-d-12-0083-CTGACTCTAC-TGACGGCCGT-5e4406c7,2002118010,562,Escherichia coli,1.0,0.89615,0.8283085363483338,DETECTED,True,Synergy
10092UTI,10092SEQ-2002118006-d-08-0083-ACACAGGTGG-ACAACGCTCA-5e4406c7,2002118006,562,Escherichia coli,0.6909527622097679,0.2129,0.17044458543132818,,False,Synergy
10093UTI,10093SEQ-2002128007-d-07-0084-CCTCTACATG-AGGAGGTATC-5e455f4f,2002128007,562,Escherichia coli,1.0,0.4856,0.4335652282337237,,False,Synergy
10093UTI,10093SEQ-2002128004-d-04-0084-ACAAGTGGAC-AACATCGCGC-5e455f4f,2002128004,562,Escherichia coli,0.5543657331136738,0.0716,0.016337771975311808,,False,Synergy
10093UTI,10093SEQ-2002128013-d-13-0084-ACATATCCAG-ATTGCACATA-5e455f4f,2002128013,562,Escherichia coli,1.0,0.96255,0.8812678551127507,DETECTED,True,Synergy
10093UTI,10093SEQ-2002128015-d-15-0084-GTATTCCACC-TTGTCTACAT-5e455f4f,2002128015,562,Escherichia coli,0.9975429975429976,0.83855,0.0,,False,Synergy
10093UTI,10093SEQ-2002128001-d-01-0084-TGTCGCTGGT-AGTCAGACGA-5e455f4f,2002128001,562,Escherichia coli,1.0,0.9952,0.8732144887249204,DETECTED,True,Synergy
10093UTI,10093SEQ-2002128010-d-10-0084-ACTTCAAGCG-TTCATGGTTC-5e455f4f,2002128010,562,Escherichia coli,1.0,0.96635,0.8618532277643107,DETECTED,True,Synergy
10094UTI,10096SEQ-2002138012-d-11-0086-AGCGCCACAC-AAGACATTAG-5e4803b8,2002138012,562,Escherichia coli,0.5976,0.1486,0.0,,False,Synergy
10094UTI,10096SEQ-2002138013-d-12-0086-TGCTACTGCC-CCTCCGGTTG-5e4803b8,2002138013,562,Escherichia coli,1.0,0.875,0.8805710702249149,DETECTED,True,Synergy
10094UTI,10096SEQ-2002138002-d-01-0086-CTCGAATATA-TCGACATCTC-5e4803b8,2002138002,562,Escherichia coli,0.8400335008375209,0.35485,0.34631675841001025,,False,Synergy
10094UTI,10096SEQ-2002138004-d-03-0086-TATCCGAGGC-CTTATTGGCC-5e4803b8,2002138004,562,Escherichia coli,0.9852579852579852,0.8206,0.0,,False,Synergy
10094UTI,10096SEQ-2002138003-d-02-0086-GATCGTCGCG-ACATATCCAG-5e4803b8,2002138003,562,Escherichia coli,0.669179229480737,0.38905,0.3694133437973309,,False,Synergy
10094UTI,10096SEQ-2002138007-d-06-0086-AATTCTTGGA-AAGTTGACAA-5e4803b8,2002138007,562,Escherichia coli,1.0,0.86675,0.8461829023657681,DETECTED,True,Synergy
10096UTI,10096SEQ-2002148005-d-05-0086-TATGATGGCC-TATGACAATC-5e4803b8,2002148005,562,Escherichia coli,1.0,0.8878,0.7346423109787628,DETECTED,True,Synergy
10096UTI,10096SEQ-2002148001-d-01-0086-CTTATTGGCC-ACTTGTTATC-5e4803b8,2002148001,562,Escherichia coli,0.6352,0.4672,0.4339136206776417,,False,Synergy
10097UTI,10097SEQ-2002158005-d-08-0087-ATAGCGGAAT-TACTCTGCGC-5e494cc7,2002158005,562,Escherichia coli,1.0,0.9824,0.9011849010382096,DETECTED,True,Synergy
10097UTI,10097SEQ-2002148010-d-01-0087-ATTAACAAGG-ACGAACAACA-5e494cc7,2002148010,562,Escherichia coli,1.0,0.89765,0.8199617868498356,DETECTED,True,Synergy
10098UTI,10098SEQ-2002138010-d-09-0088-ATGTTGTTGG-TCATAGATTG-5e4d4148,2002138010,562,Escherichia coli,1.0,0.96195,0.9052335879654247,DETECTED,True,Synergy
10098UTI,10098SEQ-2002138011-d-10-0088-GCACCACCAA-ATCAGTACCA-5e4d4148,2002138011,562,Escherichia coli,1.0,0.9708,0.9086148283158708,DETECTED,True,Synergy
10098UTI,10098SEQ-2002188007-d-07-0088-AGCCTATGAT-GTAGGTGGTG-5e4d4148,2002188007,562,Escherichia coli,1.0,0.8681,0.8821626736002876,DETECTED,True,Synergy
10102UTI,10102SEQ-2002208002-d-02-0090-GGTTGCGAGG-TTGCTCTATT-5e513ccf,2002208002,562,Escherichia coli,0.8390712570056045,0.17845,0.12220140017089565,,False,Synergy
10104UTI,10104SEQ-2002228008-d-08-0091-CAGTGGCACT-CCTATTGTTA-5e528748,2002228008,562,Escherichia coli,0.6140912730184147,0.1067,0.039023621007697636,,False,Synergy
10104UTI,10104SEQ-2002228011-d-11-0091-CCTGTCTGTC-TCACAACAGT-5e528748,2002228011,562,Escherichia coli,0.0728,,,,False,Synergy
10104UTI,10104SEQ-2002228007-d-07-0091-GTCCTGGATA-TTCGCCACCG-5e528748,2002228007,562,Escherichia coli,1.0,0.84815,0.8234787168889655,DETECTED,True,Synergy
10107UTI,10107SEQ-2002268001-d-10-0092-TTCTGTAGAA-TATTGCGCTC-5e57d48b,2002268001,562,Escherichia coli,0.9983619983619983,0.8088,0.0,,False,Synergy
10107UTI,10107SEQ-2002258009-d-09-0092-CAGCAATCGT-ATACATCACA-5e57d48b,2002258009,562,Escherichia coli,1.0,0.98715,0.8988341688639839,DETECTED,True,Synergy
10109UTI,10109SEQ-2002278013-d-13-0093-AACGAGGCCG-ATCCAGGTAT-5e5ad019,2002278013,562,Escherichia coli,1.0,0.99805,0.9040087134783868,DETECTED,True,Synergy
10109UTI,10109SEQ-2002278014-d-14-0093-TGGTGTTATG-TAGAATTGGA-5e5ad019,2002278014,562,Escherichia coli,1.0,0.982,0.8569463952383921,DETECTED,True,Synergy
10109UTI,10109SEQ-2002278010-d-10-0093-ATAGCCAAGA-CAGTGGCACT-5e5ad019,2002278010,562,Escherichia coli,0.3357903357903358,,,,False,Synergy
10109UTI,10109SEQ-2002278011-d-11-0093-TTCGGTGTGA-ATACTTGTTC-5e5ad019,2002278011,562,Escherichia coli,1.0,0.98545,0.8844693983079129,DETECTED,True,Synergy
10109UTI,10109SEQ-2002278003-d-03-0093-CGTACAGGAA-AGAGAACCTA-5e5ad019,2002278003,562,Escherichia coli,1.0,0.71705,0.738236254084443,DETECTED,True,Synergy
10110UTI,10110SEQ-2002288002-d-02-0094-TCCGCCAATT-CAGCACGGAG-5e5a9243,2002288002,562,Escherichia coli,1.0,0.9641,0.8872235322593066,DETECTED,True,Synergy
10110UTI,10110SEQ-2002258002-d-07-0094-TACGTGAAGG-CTAATAACCG-5e5a9243,2002258002,562,Escherichia coli,0.8816,0.08335,0.0,,False,Synergy
10110UTI,10110SEQ-2002288005-d-05-0094-GGCCAATATT-TATCGGACCG-5e5a9243,2002288005,562,Escherichia coli,0.9983619983619983,0.8139,0.0,,False,Synergy
10111UTI,10111RPTSEQ-2002298002-d-02-0095-CGCAGCAATT-ATAGCGGAAT-5e5d9464,2002298002,562,Escherichia coli,0.8592,0.0896,0.0130042063803492,,False,Synergy
10111UTI,10111RPTSEQ-2002298003-d-03-0095-ACGTTCCTTA-CACAGCGGTC-5e5d9464,2002298003,562,Escherichia coli,0.8606885508406725,0.07825,0.02623945196034928,,False,Synergy
10111UTI,10111RPTSEQ-2002298011-d-11-0095-ATAGCGGAAT-TACTCTGCGC-5e5d9464,2002298011,562,Escherichia coli,0.6653322658126501,0.0886,0.01569599642072605,,False,Synergy
20200131MANUAL,10087SEQ-2001308044-d-26-0078-GGTTGCGAGG-TTGCTCTATT-5e3ad47b,2001308044,562,Escherichia coli,1.0,0.1388,0.0,,False,Synergy
20200131MANUAL,10087SEQ-2001308045-d-27-0078-TAAGCATCCA-AATGGATTGA-5e3ad47b,2001308045,562,Escherichia coli,1.0,0.13735,0.0,,False,Synergy
20200131MANUAL,10087SEQ-2001308041-d-23-0078-ACGCCTTGTT-ACGTTCCTTA-5e3ad47b,2001308041,562,Escherichia coli,0.9975429975429976,0.39175,0.0,,False,Synergy
20200131MANUAL,10087SEQ-2001308043-d-25-0078-AACCATAGAA-CCATCTCGCC-5e3ad47b,2001308043,562,Escherichia coli,1.0,0.13845,0.0,,False,Synergy
20200131MANUAL,10087SEQ-2001308046-d-28-0078-ACCACGACAT-CCGCATACGA-5e3ad47b,2001308046,562,Escherichia coli,0.9975429975429976,0.39055,0.0,,False,Synergy
20200131MANUAL,10087SEQ-2001308048-d-30-0078-CCACCAGGCA-ATTCCATAAG-5e3ad47b,2001308048,562,Escherichia coli,0.9959049959049959,0.38935,0.0,,False,Synergy
20200131MANUAL,10087SEQ-2001308036-d-18-0078-AGAGGCAACC-CCATCATTAG-5e3ad47b,2001308036,562,Escherichia coli,1.0,0.98695,0.8674275068669984,DETECTED,True,Synergy
20200131MANUAL,10087SEQ-2001308047-d-29-0078-GCCGCACTCT-CGAGGTCGGA-5e3ad47b,2001308047,562,Escherichia coli,0.9901719901719902,0.38905,0.0,,False,Synergy
20200131MANUAL,10087SEQ-2001308042-d-24-0078-TTCTACATAC-TTACAGTTAG-5e3ad47b,2001308042,562,Escherichia coli,0.9975429975429976,0.3955,0.0,,False,Synergy
20200131MANUAL,10087SEQ-2001308034-d-16-0078-CGGTTACGGC-CTATAGTCTT-5e3ad47b,2001308034,562,Escherichia coli,1.0,0.9778,0.8627993882962143,DETECTED,True,Synergy
20200131MANUAL,10087SEQ-2001308039-d-21-0078-ATGGTTGACT-AGGACAGGCC-5e3ad47b,2001308039,562,Escherichia coli,0.9408,0.11635,0.0,,False,Synergy
20200131MANUAL,10087SEQ-2001308038-d-20-0078-GATAGGCCGA-GCCATGTGCG-5e3ad47b,2001308038,562,Escherichia coli,0.916,0.0926,0.0,,False,Synergy
20200131MANUAL,10087SEQ-2001308040-d-22-0078-TATTGCGCTC-CCTAACACAG-5e3ad47b,2001308040,562,Escherichia coli,0.9975429975429976,0.38945,0.0,,False,Synergy
20200203TECAN,10087SEQ-2001308028-d-25-0078-CCACGCTGAA-CTGAGGAATA-5e3ad47b,2001308028,562,Escherichia coli,1.0,0.1242,0.0,,False,Synergy
20200203TECAN,10087SEQ-2001308027-d-24-0078-CACAGCGGTC-CAATAGGAAT-5e3ad47b,2001308027,562,Escherichia coli,0.9975429975429976,0.39005,0.0,,False,Synergy
20200203TECAN,10087SEQ-2001308025-d-22-0078-TAGAGAATAC-CGAATCTATA-5e3ad47b,2001308025.0,562,Escherichia coli,0.9934479934479934,0.38785,0.0,,False,Synergy
20200203TECAN,10087SEQ-2001308024-d-21-0078-GATTCTGAAT-GTCCACCGCT-5e3ad47b,2001308024.0,562,Escherichia coli,0.8352,0.0854,0.0,,False,Synergy
20200203TECAN,10087SEQ-2001308026-d-23-0078-TTGTATCAGG-TGGCCTCTGT-5e3ad47b,2001308026.0,562,Escherichia coli,0.9975429975429976,0.3889,0.0,,False,Synergy
20200203TECAN,10087SEQ-2001308029-d-26-0078-GTTCGGAGTT-TCAGAAGGCG-5e3ad47b,2001308029.0,562,Escherichia coli,1.0,0.1379,0.0,,False,Synergy
20200203TECAN,10087SEQ-2001308020-d-17-0078-TATGATGGCC-TATGACAATC-5e3ad47b,2001308020.0,562,Escherichia coli,1.0,0.9361,0.8780186371621052,DETECTED,True,Synergy
20200203TECAN,10087SEQ-2001308030-d-27-0078-ATAGCGGAAT-TACTCTGCGC-5e3ad47b,2001308030.0,562,Escherichia coli,1.0,0.13715,0.0,,False,Synergy
20200203TECAN,10087SEQ-2001308032-d-29-0078-CTAGATTGCG-CGCCATATCT-5e3ad47b,2001308032.0,562,Escherichia coli,0.9934479934479934,0.3833,0.0,,False,Synergy
20200203TECAN,10087SEQ-2001308031-d-28-0078-GCAATATTCA-AATTGGCGCC-5e3ad47b,2001308031.0,562,Escherichia coli,0.9967239967239968,0.3907,0.0,,False,Synergy
20200203TECAN,10087SEQ-2001308021-d-18-0078-CGCAGCAATT-ATAGCGGAAT-5e3ad47b,2001308021.0,562,Escherichia coli,1.0,0.9594,0.8741679838345906,DETECTED,True,Synergy
20200203TECAN,10087SEQ-2001308019-d-16-0078-AATCCAATTG-CCTCTACATG-5e3ad47b,2001308019.0,562,Escherichia coli,1.0,0.74145,0.6575228930508543,DETECTED,True,Synergy
20200203TECAN,10087SEQ-2001308023-d-20-0078-CCGCGTATAG-CCGGTTCCTA-5e3ad47b,2001308023.0,562,Escherichia coli,0.8432,,,,False,Synergy
repeat10045UTI,10048SEQ-1912188007-d-09-0048-TGATGTAAGA-AAGGACGCAC-5dfe2e4f,1912188007.0,562,Escherichia coli,0.9784,0.55915,0.0,,False,Synergy
repeat10045UTI,10048SEQ-1912188006-d-08-0048-TGGCGCGAAC-AGTATCAGTT-5dfe2e4f,1912188006.0,562,Escherichia coli,0.976,0.55765,0.0,,False,Synergy
repeat10045UTI,10048SEQ-1912188008-d-10-0048-GGAATTGTAA-AGGATGTGCT-5dfe2e4f,1912188008.0,562,Escherichia coli,0.9784,0.55875,0.0,,False,Synergy
repeat10045UTI,10048SEQ-1912178003-d-03-0048-CTGTTGGTCC-AACGGTCTAT-5dfe2e4f,1912178003.0,562,Escherichia coli,0.9377559377559378,0.6886,0.1618924677553625,,False,Synergy
repeat10045UTI,10048SEQ-1912178004-d-04-0048-TTACCTGGAA-CTGGAACTGT-5dfe2e4f,1912178004.0,562,Escherichia coli,0.8245469522240527,0.32185,0.3468045078314954,,False,Synergy
repeat10045UTI,10048SEQ-1912178005-d-05-0048-TGGCTAATCA-CTACATGCCT-5dfe2e4f,1912178005.0,562,Escherichia coli,0.6624,0.28005,0.2785966018901207,,False,Synergy
repeat10045UTI,10048SEQ-1912188012-d-07-0048-ATTGCGCGGT-GCGGAGCCAA-5dfe2e4f,1912188012.0,562,Escherichia coli,0.972972972972973,0.49495,0.0526072590316157,,False,Synergy
