#,Accession,Adaptor I5 Id,Adaptor I5 Seq,Adaptor I7 Id,Adaptor I7 Seq,Adaptor Type,Analysis Environment,Base Content A,Base Content C,Base Content G,Base Content G quint5,Base Content T,Control Int IC Id,Control Int Org Names,Control Neg EC Id,Control Pos EC Id,Control Pos Org Names,Diagnostic Output Dir,Fastq path,Flow Type,Instrument Id,Instrument Name,Kmer Entropy PostQual,Kmer Entropy demulti,Lib Batch Id,Library Name,Library Q Score,Library Type,Lot Illumina Flow Cell,Lot Illumina PR2,Lot Illumina Reagent Kit,Lot Int Control,Lot Neg Control,Lot Pos Control,Original fastq path,Pipe Version,Platform,PostAdapt Trim % Reject,Process Stage,Project,Read 1 Len,Read 2 Len,Reads PostQual,Reads Unique,Reads demulti,Run % PF,Run % Q30,Run % Q30 Raw,Run % Tile Pass,Run Cluster Density,Run Cluster Density Raw,Run Date (YYYY-MM-DD),Run Directory/Run ID,Run Intensity A,Run Lane,Run Phix Error Rate,Run Phix Error Rate Raw,Run Yield Total,Run Yield Total Raw,Sample Description,Sample Name,Sample Type,Seq Sple,Sequencing Id,Study,Study Notes,Unnamed: 0
1.0,idbd-d101326,b7,tacacgttga,b7,gacaccatgt,nextera,rnd,0.196,0.303,0.305,0.311,0.196,icdna03,enterobacteria phage t7|enterobacteria phage pr772,respnegcon01,respposcon02,legionella pneumophila|streptococcus anginosus,/uufs/chpc.utah.edu/common/home/idbydna-group3/results/idbd_rnd_v2/200120_NB551543_0200_AH2N2NAFX2/tax,/common/idbydna-archives/fastqs/illumina/rnd/200119-1-1-idbd-d101326-d-02-ah2n2nafx2-gacaccatgt-tacacgttga-5e262f53/filt/200119-1-1-IDBD-D101326-d-02-AH2N2NAFX2-GACACCATGT-TACACGTTGA-5e262f53_S2_R1_001.postAdapt.postQual.fastq.gz,nextseq mid,nb551543,nextseq,9.568,9.585,200119b01,200119b01-idbd-d101326-d-02,34.889,dna,20415075.0,20407865.0,20391088.0,n/a;dic200117,191209neg,042519p2,/srv/idbydna-group3/results/idbd_rnd_v2/200120_NB551543_0200_AH2N2NAFX2/fqs/fq_filt/Nextera/200119-1-1-IDBD-D101326-d-02-AH2N2NAFX2-GACACCATGT-TACACGTTGA-5e262f53_S2_R1_001.postAdapt.postQual.fastq.gz,2.0.0-beta.14,illumina,2.03,filt,explifyv2,147.0,0.0,4467502.0,40.912,4579089.0,95.339,93.73700000000001,93.73700000000001,100.0,117246.63,117246.63,2020-01-20,200120_nb551543_0200_ah2n2nafx2,9889.056,0.0,0.46799999999999997,0.46799999999999997,16144473423.0,16144473423.0,"undamaged, dry ice| none| none| none",respneg02,bal,200119-1-1-idbd-d101326-d-02-ah2n2nafx2-gacaccatgt-tacacgttga-5e262f53,200119-1-1,r&d_proddev,.,
2.0,idbd-d101331,g7,agtggttaag,g7,ctgaggaata,nextera,rnd,0.19699999999999998,0.303,0.303,0.307,0.19699999999999998,icdna03,enterobacteria phage t7|enterobacteria phage pr772,respnegcon01,respposcon02,legionella pneumophila|streptococcus anginosus,/uufs/chpc.utah.edu/common/home/idbydna-group3/results/idbd_rnd_v2/200120_NB551543_0200_AH2N2NAFX2/tax,/common/idbydna-archives/fastqs/illumina/rnd/200119-1-1-idbd-d101331-d-07-ah2n2nafx2-ctgaggaata-agtggttaag-5e262f53/filt/200119-1-1-IDBD-D101331-d-07-AH2N2NAFX2-CTGAGGAATA-AGTGGTTAAG-5e262f53_S7_R1_001.postAdapt.postQual.fastq.gz,nextseq mid,nb551543,nextseq,9.568,9.582,200119b01,200119b01-idbd-d101331-d-07,34.912,dna,20415075.0,20407865.0,20391088.0,n/a;dic200117,191209neg,042519p2,/srv/idbydna-group3/results/idbd_rnd_v2/200120_NB551543_0200_AH2N2NAFX2/fqs/fq_filt/Nextera/200119-1-1-IDBD-D101331-d-07-AH2N2NAFX2-CTGAGGAATA-AGTGGTTAAG-5e262f53_S7_R1_001.postAdapt.postQual.fastq.gz,2.0.0-beta.14,illumina,2.468,filt,explifyv2,147.0,0.0,4630234.0,41.452,4767746.0,95.339,93.73700000000001,93.73700000000001,100.0,117246.63,117246.63,2020-01-20,200120_nb551543_0200_ah2n2nafx2,9889.056,0.0,0.46799999999999997,0.46799999999999997,16144473423.0,16144473423.0,"undamaged, dry ice| none| none| none",respneg07,bal,200119-1-1-idbd-d101331-d-07-ah2n2nafx2-ctgaggaata-agtggttaag-5e262f53,200119-1-1,r&d_proddev,.,
3.0,idbd-d101328,d7,aaggacgcac,d7,tgatgtaaga,nextera,rnd,0.19699999999999998,0.302,0.304,0.309,0.19699999999999998,icdna03,enterobacteria phage t7|enterobacteria phage pr772,respnegcon01,respposcon02,legionella pneumophila|streptococcus anginosus,/uufs/chpc.utah.edu/common/home/idbydna-group3/results/idbd_rnd_v2/200120_NB551543_0200_AH2N2NAFX2/tax,/common/idbydna-archives/fastqs/illumina/rnd/200119-1-1-idbd-d101328-d-04-ah2n2nafx2-tgatgtaaga-aaggacgcac-5e276783/filt/200119-1-1-IDBD-D101328-d-04-AH2N2NAFX2-TGATGTAAGA-AAGGACGCAC-5e276783_S4_R1_001.postAdapt.postQual.fastq.gz,nextseq mid,nb551543,nextseq,9.567,9.587,200119b01,200119b01-idbd-d101328-d-04,34.853,dna,20415075.0,20407865.0,20391088.0,n/a;dic200117,191209neg,042519p2,/srv/idbydna-group3/results/idbd_rnd_v2/200120_NB551543_0200_AH2N2NAFX2/fqs/fq_filt/Nextera/200119-1-1-IDBD-D101328-d-04-AH2N2NAFX2-TGATGTAAGA-AAGGACGCAC-5e276783_S4_R1_001.postAdapt.postQual.fastq.gz,2.0.0-beta.14,illumina,2.378,filt,explifyv2,147.0,0.0,5543031.0,39.419000000000004,5701833.0,95.339,93.73700000000001,93.73700000000001,100.0,117246.63,117246.63,2020-01-20,200120_nb551543_0200_ah2n2nafx2,9889.056,0.0,0.46799999999999997,0.46799999999999997,16144473423.0,16144473423.0,"undamaged, dry ice| none| none| none",respneg04,bal,200119-1-1-idbd-d101328-d-04-ah2n2nafx2-tgatgtaaga-aaggacgcac-5e276783,200119-1-1,r&d_proddev,.,
4.0,idbd-d101325,a7,cgtgtaccag,a7,agtgttgcac,nextera,rnd,0.196,0.303,0.302,0.307,0.19899999999999998,icdna03,enterobacteria phage t7|enterobacteria phage pr772,respnegcon01,respposcon02,legionella pneumophila|streptococcus anginosus,/uufs/chpc.utah.edu/common/home/idbydna-group3/results/idbd_rnd_v2/200120_NB551543_0200_AH2N2NAFX2/tax,/common/idbydna-archives/fastqs/illumina/rnd/200119-1-1-idbd-d101325-d-01-ah2n2nafx2-agtgttgcac-cgtgtaccag-5e276783/filt/200119-1-1-IDBD-D101325-d-01-AH2N2NAFX2-AGTGTTGCAC-CGTGTACCAG-5e276783_S1_R1_001.postAdapt.postQual.fastq.gz,nextseq mid,nb551543,nextseq,9.571,9.579,200119b01,200119b01-idbd-d101325-d-01,34.89,dna,20415075.0,20407865.0,20391088.0,n/a;dic200117,191209neg,042519p2,/srv/idbydna-group3/results/idbd_rnd_v2/200120_NB551543_0200_AH2N2NAFX2/fqs/fq_filt/Nextera/200119-1-1-IDBD-D101325-d-01-AH2N2NAFX2-AGTGTTGCAC-CGTGTACCAG-5e276783_S1_R1_001.postAdapt.postQual.fastq.gz,2.0.0-beta.14,illumina,3.198,filt,explifyv2,147.0,0.0,5253137.0,42.87,5452773.0,95.339,93.73700000000001,93.73700000000001,100.0,117246.63,117246.63,2020-01-20,200120_nb551543_0200_ah2n2nafx2,9889.056,0.0,0.46799999999999997,0.46799999999999997,16144473423.0,16144473423.0,"undamaged, dry ice| none| none| none",respneg01,bal,200119-1-1-idbd-d101325-d-01-ah2n2nafx2-agtgttgcac-cgtgtaccag-5e276783,200119-1-1,r&d_proddev,.,
5.0,idbd-d101327,c7,tcacaacagt,c7,cctgtctgtc,nextera,rnd,0.196,0.303,0.301,0.307,0.2,icdna03,enterobacteria phage t7|enterobacteria phage pr772,respnegcon01,respposcon02,legionella pneumophila|streptococcus anginosus,/uufs/chpc.utah.edu/common/home/idbydna-group3/results/idbd_rnd_v2/200120_NB551543_0200_AH2N2NAFX2/tax,/common/idbydna-archives/fastqs/illumina/rnd/200119-1-1-idbd-d101327-d-03-ah2n2nafx2-cctgtctgtc-tcacaacagt-5e276783/filt/200119-1-1-IDBD-D101327-d-03-AH2N2NAFX2-CCTGTCTGTC-TCACAACAGT-5e276783_S3_R1_001.postAdapt.postQual.fastq.gz,nextseq mid,nb551543,nextseq,9.582,9.591000000000001,200119b01,200119b01-idbd-d101327-d-03,34.897,dna,20415075.0,20407865.0,20391088.0,n/a;dic200117,191209neg,042519p2,/srv/idbydna-group3/results/idbd_rnd_v2/200120_NB551543_0200_AH2N2NAFX2/fqs/fq_filt/Nextera/200119-1-1-IDBD-D101327-d-03-AH2N2NAFX2-CCTGTCTGTC-TCACAACAGT-5e276783_S3_R1_001.postAdapt.postQual.fastq.gz,2.0.0-beta.14,illumina,2.8139999999999996,filt,explifyv2,147.0,0.0,4563934.0,43.455,4717187.0,95.339,93.73700000000001,93.73700000000001,100.0,117246.63,117246.63,2020-01-20,200120_nb551543_0200_ah2n2nafx2,9889.056,0.0,0.46799999999999997,0.46799999999999997,16144473423.0,16144473423.0,"undamaged, dry ice| none| none| none",respneg03,bal,200119-1-1-idbd-d101327-d-03-ah2n2nafx2-cctgtctgtc-tcacaacagt-5e276783,200119-1-1,r&d_proddev,.,
6.0,idbd-d101331,g7,agtggttaag,g7,ctgaggaata,nextera,rnd,0.19699999999999998,0.303,0.303,0.307,0.19699999999999998,icdna03,enterobacteria phage t7|enterobacteria phage pr772,respnegcon01,respposcon02,legionella pneumophila|streptococcus anginosus,/uufs/chpc.utah.edu/common/home/idbydna-group3/results/idbd_rnd_v2/200120_NB551543_0200_AH2N2NAFX2/tax,/common/idbydna-archives/fastqs/illumina/rnd/200119-1-1-idbd-d101331-d-07-ah2n2nafx2-ctgaggaata-agtggttaag-5e276783/filt/200119-1-1-IDBD-D101331-d-07-AH2N2NAFX2-CTGAGGAATA-AGTGGTTAAG-5e276783_S7_R1_001.postAdapt.postQual.fastq.gz,nextseq mid,nb551543,nextseq,9.568,9.582,200119b01,200119b01-idbd-d101331-d-07,34.912,dna,20415075.0,20407865.0,20391088.0,n/a;dic200117,191209neg,042519p2,/srv/idbydna-group3/results/idbd_rnd_v2/200120_NB551543_0200_AH2N2NAFX2/fqs/fq_filt/Nextera/200119-1-1-IDBD-D101331-d-07-AH2N2NAFX2-CTGAGGAATA-AGTGGTTAAG-5e276783_S7_R1_001.postAdapt.postQual.fastq.gz,2.0.0-beta.14,illumina,2.468,filt,explifyv2,147.0,0.0,4630234.0,41.452,4767746.0,95.339,93.73700000000001,93.73700000000001,100.0,117246.63,117246.63,2020-01-20,200120_nb551543_0200_ah2n2nafx2,9889.056,0.0,0.46799999999999997,0.46799999999999997,16144473423.0,16144473423.0,"undamaged, dry ice| none| none| none",respneg07,bal,200119-1-1-idbd-d101331-d-07-ah2n2nafx2-ctgaggaata-agtggttaag-5e276783,200119-1-1,r&d_proddev,.,
7.0,controlneg,a9,tatgccttac,a9,taatgtgtct,nextera,rnd,0.195,0.303,0.303,0.306,0.198,icdna03,enterobacteria phage t7|enterobacteria phage pr772,respnegcon01,respposcon02,legionella pneumophila|streptococcus anginosus,/uufs/chpc.utah.edu/common/home/idbydna-group3/results/idbd_rnd_v2/200120_NB551543_0200_AH2N2NAFX2/tax,/common/idbydna-archives/fastqs/illumina/rnd/200119-1-1-respnegcon01-d-09-ah2n2nafx2-taatgtgtct-tatgccttac-5e276783/filt/200119-1-1-RespNegCon01-d-09-AH2N2NAFX2-TAATGTGTCT-TATGCCTTAC-5e276783_S9_R1_001.postAdapt.postQual.fastq.gz,nextseq mid,nb551543,nextseq,9.568999999999999,9.588,200119b01,200119b01-respnegcon01-d-09,34.914,dna,20415075.0,20407865.0,20391088.0,n/a;dic200117,191209neg,042519p2,/srv/idbydna-group3/results/idbd_rnd_v2/200120_NB551543_0200_AH2N2NAFX2/fqs/fq_filt/Nextera/200119-1-1-RespNegCon01-d-09-AH2N2NAFX2-TAATGTGTCT-TATGCCTTAC-5e276783_S9_R1_001.postAdapt.postQual.fastq.gz,2.0.0-beta.14,illumina,1.965,filt,explifyv2,147.0,0.0,2852348.0,47.056000000000004,2921089.0,95.339,93.73700000000001,93.73700000000001,100.0,117246.63,117246.63,2020-01-20,200120_nb551543_0200_ah2n2nafx2,9889.056,0.0,0.46799999999999997,0.46799999999999997,16144473423.0,16144473423.0,,,,200119-1-1-respnegcon01-d-09-ah2n2nafx2-taatgtgtct-tatgccttac-5e276783,200119-1-1,,,
8.0,idbd-d101328,d7,aaggacgcac,d7,tgatgtaaga,nextera,rnd,0.19699999999999998,0.302,0.304,0.309,0.19699999999999998,icdna03,enterobacteria phage t7|enterobacteria phage pr772,respnegcon01,respposcon02,legionella pneumophila|streptococcus anginosus,/uufs/chpc.utah.edu/common/home/idbydna-group3/results/idbd_rnd_v2/200120_NB551543_0200_AH2N2NAFX2/tax,/common/idbydna-archives/fastqs/illumina/rnd/200119-1-1-idbd-d101328-d-04-ah2n2nafx2-tgatgtaaga-aaggacgcac-5e262f53/filt/200119-1-1-IDBD-D101328-d-04-AH2N2NAFX2-TGATGTAAGA-AAGGACGCAC-5e262f53_S4_R1_001.postAdapt.postQual.fastq.gz,nextseq mid,nb551543,nextseq,9.567,9.587,200119b01,200119b01-idbd-d101328-d-04,34.853,dna,20415075.0,20407865.0,20391088.0,n/a;dic200117,191209neg,042519p2,/srv/idbydna-group3/results/idbd_rnd_v2/200120_NB551543_0200_AH2N2NAFX2/fqs/fq_filt/Nextera/200119-1-1-IDBD-D101328-d-04-AH2N2NAFX2-TGATGTAAGA-AAGGACGCAC-5e262f53_S4_R1_001.postAdapt.postQual.fastq.gz,2.0.0-beta.14,illumina,2.378,filt,explifyv2,147.0,0.0,5543031.0,39.419000000000004,5701833.0,95.339,93.73700000000001,93.73700000000001,100.0,117246.63,117246.63,2020-01-20,200120_nb551543_0200_ah2n2nafx2,9889.056,0.0,0.46799999999999997,0.46799999999999997,16144473423.0,16144473423.0,"undamaged, dry ice| none| none| none",respneg04,bal,200119-1-1-idbd-d101328-d-04-ah2n2nafx2-tgatgtaaga-aaggacgcac-5e262f53,200119-1-1,r&d_proddev,.,
9.0,idbd-d101325,a7,cgtgtaccag,a7,agtgttgcac,nextera,rnd,0.196,0.303,0.302,0.307,0.19899999999999998,icdna03,enterobacteria phage t7|enterobacteria phage pr772,respnegcon01,respposcon02,legionella pneumophila|streptococcus anginosus,/uufs/chpc.utah.edu/common/home/idbydna-group3/results/idbd_rnd_v2/200120_NB551543_0200_AH2N2NAFX2/tax,/common/idbydna-archives/fastqs/illumina/rnd/200119-1-1-idbd-d101325-d-01-ah2n2nafx2-agtgttgcac-cgtgtaccag-5e262f53/filt/200119-1-1-IDBD-D101325-d-01-AH2N2NAFX2-AGTGTTGCAC-CGTGTACCAG-5e262f53_S1_R1_001.postAdapt.postQual.fastq.gz,nextseq mid,nb551543,nextseq,9.571,9.579,200119b01,200119b01-idbd-d101325-d-01,34.89,dna,20415075.0,20407865.0,20391088.0,n/a;dic200117,191209neg,042519p2,/srv/idbydna-group3/results/idbd_rnd_v2/200120_NB551543_0200_AH2N2NAFX2/fqs/fq_filt/Nextera/200119-1-1-IDBD-D101325-d-01-AH2N2NAFX2-AGTGTTGCAC-CGTGTACCAG-5e262f53_S1_R1_001.postAdapt.postQual.fastq.gz,2.0.0-beta.14,illumina,3.198,filt,explifyv2,147.0,0.0,5253137.0,42.87,5452773.0,95.339,93.73700000000001,93.73700000000001,100.0,117246.63,117246.63,2020-01-20,200120_nb551543_0200_ah2n2nafx2,9889.056,0.0,0.46799999999999997,0.46799999999999997,16144473423.0,16144473423.0,"undamaged, dry ice| none| none| none",respneg01,bal,200119-1-1-idbd-d101325-d-01-ah2n2nafx2-agtgttgcac-cgtgtaccag-5e262f53,200119-1-1,r&d_proddev,.,
10.0,idbd-d101327,c7,tcacaacagt,c7,cctgtctgtc,nextera,rnd,0.196,0.303,0.301,0.307,0.2,icdna03,enterobacteria phage t7|enterobacteria phage pr772,respnegcon01,respposcon02,legionella pneumophila|streptococcus anginosus,/uufs/chpc.utah.edu/common/home/idbydna-group3/results/idbd_rnd_v2/200120_NB551543_0200_AH2N2NAFX2/tax,/common/idbydna-archives/fastqs/illumina/rnd/200119-1-1-idbd-d101327-d-03-ah2n2nafx2-cctgtctgtc-tcacaacagt-5e262f53/filt/200119-1-1-IDBD-D101327-d-03-AH2N2NAFX2-CCTGTCTGTC-TCACAACAGT-5e262f53_S3_R1_001.postAdapt.postQual.fastq.gz,nextseq mid,nb551543,nextseq,9.582,9.591000000000001,200119b01,200119b01-idbd-d101327-d-03,34.897,dna,20415075.0,20407865.0,20391088.0,n/a;dic200117,191209neg,042519p2,/srv/idbydna-group3/results/idbd_rnd_v2/200120_NB551543_0200_AH2N2NAFX2/fqs/fq_filt/Nextera/200119-1-1-IDBD-D101327-d-03-AH2N2NAFX2-CCTGTCTGTC-TCACAACAGT-5e262f53_S3_R1_001.postAdapt.postQual.fastq.gz,2.0.0-beta.14,illumina,2.8139999999999996,filt,explifyv2,147.0,0.0,4563934.0,43.455,4717187.0,95.339,93.73700000000001,93.73700000000001,100.0,117246.63,117246.63,2020-01-20,200120_nb551543_0200_ah2n2nafx2,9889.056,0.0,0.46799999999999997,0.46799999999999997,16144473423.0,16144473423.0,"undamaged, dry ice| none| none| none",respneg03,bal,200119-1-1-idbd-d101327-d-03-ah2n2nafx2-cctgtctgtc-tcacaacagt-5e262f53,200119-1-1,r&d_proddev,.,
11.0,idbd-d101329,e7,aggatgtgct,e7,ggaattgtaa,nextera,rnd,0.19699999999999998,0.302,0.303,0.306,0.198,icdna03,enterobacteria phage t7|enterobacteria phage pr772,respnegcon01,respposcon02,legionella pneumophila|streptococcus anginosus,/uufs/chpc.utah.edu/common/home/idbydna-group3/results/idbd_rnd_v2/200120_NB551543_0200_AH2N2NAFX2/tax,/common/idbydna-archives/fastqs/illumina/rnd/200119-1-1-idbd-d101329-d-05-ah2n2nafx2-ggaattgtaa-aggatgtgct-5e262f53/filt/200119-1-1-IDBD-D101329-d-05-AH2N2NAFX2-GGAATTGTAA-AGGATGTGCT-5e262f53_S5_R1_001.postAdapt.postQual.fastq.gz,nextseq mid,nb551543,nextseq,9.577,9.59,200119b01,200119b01-idbd-d101329-d-05,34.88,dna,20415075.0,20407865.0,20391088.0,n/a;dic200117,191209neg,042519p2,/srv/idbydna-group3/results/idbd_rnd_v2/200120_NB551543_0200_AH2N2NAFX2/fqs/fq_filt/Nextera/200119-1-1-IDBD-D101329-d-05-AH2N2NAFX2-GGAATTGTAA-AGGATGTGCT-5e262f53_S5_R1_001.postAdapt.postQual.fastq.gz,2.0.0-beta.14,illumina,2.187,filt,explifyv2,147.0,0.0,4088165.0,42.756,4198116.0,95.339,93.73700000000001,93.73700000000001,100.0,117246.63,117246.63,2020-01-20,200120_nb551543_0200_ah2n2nafx2,9889.056,0.0,0.46799999999999997,0.46799999999999997,16144473423.0,16144473423.0,"undamaged, dry ice| none| none| none",respneg05,bal,200119-1-1-idbd-d101329-d-05-ah2n2nafx2-ggaattgtaa-aggatgtgct-5e262f53,200119-1-1,r&d_proddev,.,
12.0,idbd-d101330,f7,tgcgacggaa,f7,gcataagctt,nextera,rnd,0.19899999999999998,0.301,0.299,0.307,0.201,icdna03,enterobacteria phage t7|enterobacteria phage pr772,respnegcon01,respposcon02,legionella pneumophila|streptococcus anginosus,/uufs/chpc.utah.edu/common/home/idbydna-group3/results/idbd_rnd_v2/200120_NB551543_0200_AH2N2NAFX2/tax,/common/idbydna-archives/fastqs/illumina/rnd/200119-1-1-idbd-d101330-d-06-ah2n2nafx2-gcataagctt-tgcgacggaa-5e262f53/filt/200119-1-1-IDBD-D101330-d-06-AH2N2NAFX2-GCATAAGCTT-TGCGACGGAA-5e262f53_S6_R1_001.postAdapt.postQual.fastq.gz,nextseq mid,nb551543,nextseq,9.575,9.565,200119b01,200119b01-idbd-d101330-d-06,34.861999999999995,dna,20415075.0,20407865.0,20391088.0,n/a;dic200117,191209neg,042519p2,/srv/idbydna-group3/results/idbd_rnd_v2/200120_NB551543_0200_AH2N2NAFX2/fqs/fq_filt/Nextera/200119-1-1-IDBD-D101330-d-06-AH2N2NAFX2-GCATAAGCTT-TGCGACGGAA-5e262f53_S6_R1_001.postAdapt.postQual.fastq.gz,2.0.0-beta.14,illumina,4.72,filt,explifyv2,147.0,0.0,5043474.0,49.726000000000006,5325581.0,95.339,93.73700000000001,93.73700000000001,100.0,117246.63,117246.63,2020-01-20,200120_nb551543_0200_ah2n2nafx2,9889.056,0.0,0.46799999999999997,0.46799999999999997,16144473423.0,16144473423.0,"undamaged, dry ice| none| none| none",respneg06,bal,200119-1-1-idbd-d101330-d-06-ah2n2nafx2-gcataagctt-tgcgacggaa-5e262f53,200119-1-1,r&d_proddev,.,
13.0,idbd-d101332,h7,tatccgaggc,h7,aacgcacgag,nextera,rnd,0.198,0.304,0.302,0.305,0.19699999999999998,icdna03,enterobacteria phage t7|enterobacteria phage pr772,respnegcon01,respposcon02,legionella pneumophila|streptococcus anginosus,/uufs/chpc.utah.edu/common/home/idbydna-group3/results/idbd_rnd_v2/200120_NB551543_0200_AH2N2NAFX2/tax,/common/idbydna-archives/fastqs/illumina/rnd/200119-1-1-idbd-d101332-d-08-ah2n2nafx2-aacgcacgag-tatccgaggc-5e262f53/filt/200119-1-1-IDBD-D101332-d-08-AH2N2NAFX2-AACGCACGAG-TATCCGAGGC-5e262f53_S8_R1_001.postAdapt.postQual.fastq.gz,nextseq mid,nb551543,nextseq,9.574,9.584,200119b01,200119b01-idbd-d101332-d-08,34.85,dna,20415075.0,20407865.0,20391088.0,n/a;dic200117,191209neg,042519p2,/srv/idbydna-group3/results/idbd_rnd_v2/200120_NB551543_0200_AH2N2NAFX2/fqs/fq_filt/Nextera/200119-1-1-IDBD-D101332-d-08-AH2N2NAFX2-AACGCACGAG-TATCCGAGGC-5e262f53_S8_R1_001.postAdapt.postQual.fastq.gz,2.0.0-beta.14,illumina,2.476,filt,explifyv2,147.0,0.0,4344814.0,43.394,4472978.0,95.339,93.73700000000001,93.73700000000001,100.0,117246.63,117246.63,2020-01-20,200120_nb551543_0200_ah2n2nafx2,9889.056,0.0,0.46799999999999997,0.46799999999999997,16144473423.0,16144473423.0,"undamaged, dry ice| none| none| none",respneg08,bal,200119-1-1-idbd-d101332-d-08-ah2n2nafx2-aacgcacgag-tatccgaggc-5e262f53,200119-1-1,r&d_proddev,.,
14.0,controlpos,b10,ccttctaaca,b10,ttcataaggt,nextera,rnd,,,,,,icdna03,enterobacteria phage t7|enterobacteria phage pr772,respnegcon01,respposcon02,legionella pneumophila|streptococcus anginosus,/uufs/chpc.utah.edu/common/home/idbydna-group3/results/idbd_rnd_v2/200120_NB551543_0200_AH2N2NAFX2/tax,/common/idbydna-archives/fastqs/illumina/rnd/200119-1-1-respposcon02-d-10-ah2n2nafx2-ttcataaggt-ccttctaaca-5e262f53/filt/200119-1-1-RespPosCon02-d-10-AH2N2NAFX2-TTCATAAGGT-CCTTCTAACA-5e262f53_S10_R1_001.postAdapt.postQual.fastq.gz,nextseq mid,nb551543,nextseq,,,200119b01,200119b01-respposcon02-d-10,,dna,20415075.0,20407865.0,20391088.0,n/a;dic200117,191209neg,042519p2,/srv/idbydna-group3/results/idbd_rnd_v2/200120_NB551543_0200_AH2N2NAFX2/fqs/fq_filt/Nextera/200119-1-1-RespPosCon02-d-10-AH2N2NAFX2-TTCATAAGGT-CCTTCTAACA-5e262f53_S10_R1_001.postAdapt.postQual.fastq.gz,2.0.0-beta.14,illumina,,filt,explifyv2,147.0,0.0,0.0,,0.0,95.339,93.73700000000001,93.73700000000001,100.0,117246.63,117246.63,2020-01-20,200120_nb551543_0200_ah2n2nafx2,9889.056,0.0,0.46799999999999997,0.46799999999999997,16144473423.0,16144473423.0,,,,200119-1-1-respposcon02-d-10-ah2n2nafx2-ttcataaggt-ccttctaaca-5e262f53,200119-1-1,,,
15.0,controlneg,a10,agcctatgat,a10,cctgcggaac,nextera,rnd,,,,,,icdna03,enterobacteria phage t7|enterobacteria phage pr772,respnegcon01,respposcon02,legionella pneumophila|streptococcus anginosus,/uufs/chpc.utah.edu/common/home/idbydna-group3/results/idbd_rnd_v2/200120_NB551543_0200_AH2N2NAFX2/tax,/common/idbydna-archives/fastqs/illumina/rnd/200119-1-1-respnegcon01-d-09-ah2n2nafx2-cctgcggaac-agcctatgat-5e262f53/filt/200119-1-1-RespNegCon01-d-09-AH2N2NAFX2-CCTGCGGAAC-AGCCTATGAT-5e262f53_S9_R1_001.postAdapt.postQual.fastq.gz,nextseq mid,nb551543,nextseq,,,200119b01,200119b01-respnegcon01-d-09,,dna,20415075.0,20407865.0,20391088.0,n/a;dic200117,191209neg,042519p2,/srv/idbydna-group3/results/idbd_rnd_v2/200120_NB551543_0200_AH2N2NAFX2/fqs/fq_filt/Nextera/200119-1-1-RespNegCon01-d-09-AH2N2NAFX2-CCTGCGGAAC-AGCCTATGAT-5e262f53_S9_R1_001.postAdapt.postQual.fastq.gz,2.0.0-beta.14,illumina,,filt,explifyv2,147.0,0.0,0.0,,0.0,95.339,93.73700000000001,93.73700000000001,100.0,117246.63,117246.63,2020-01-20,200120_nb551543_0200_ah2n2nafx2,9889.056,0.0,0.46799999999999997,0.46799999999999997,16144473423.0,16144473423.0,,,,200119-1-1-respnegcon01-d-09-ah2n2nafx2-cctgcggaac-agcctatgat-5e262f53,200119-1-1,,,
16.0,idbd-d101326,b7,tacacgttga,b7,gacaccatgt,nextera,rnd,0.196,0.303,0.305,0.311,0.196,icdna03,enterobacteria phage t7|enterobacteria phage pr772,respnegcon01,respposcon02,legionella pneumophila|streptococcus anginosus,/uufs/chpc.utah.edu/common/home/idbydna-group3/results/idbd_rnd_v2/200120_NB551543_0200_AH2N2NAFX2/tax,/common/idbydna-archives/fastqs/illumina/rnd/200119-1-1-idbd-d101326-d-02-ah2n2nafx2-gacaccatgt-tacacgttga-5e276783/filt/200119-1-1-IDBD-D101326-d-02-AH2N2NAFX2-GACACCATGT-TACACGTTGA-5e276783_S2_R1_001.postAdapt.postQual.fastq.gz,nextseq mid,nb551543,nextseq,9.568,9.585,200119b01,200119b01-idbd-d101326-d-02,34.889,dna,20415075.0,20407865.0,20391088.0,n/a;dic200117,191209neg,042519p2,/srv/idbydna-group3/results/idbd_rnd_v2/200120_NB551543_0200_AH2N2NAFX2/fqs/fq_filt/Nextera/200119-1-1-IDBD-D101326-d-02-AH2N2NAFX2-GACACCATGT-TACACGTTGA-5e276783_S2_R1_001.postAdapt.postQual.fastq.gz,2.0.0-beta.14,illumina,2.03,filt,explifyv2,147.0,0.0,4467502.0,40.912,4579089.0,95.339,93.73700000000001,93.73700000000001,100.0,117246.63,117246.63,2020-01-20,200120_nb551543_0200_ah2n2nafx2,9889.056,0.0,0.46799999999999997,0.46799999999999997,16144473423.0,16144473423.0,"undamaged, dry ice| none| none| none",respneg02,bal,200119-1-1-idbd-d101326-d-02-ah2n2nafx2-gacaccatgt-tacacgttga-5e276783,200119-1-1,r&d_proddev,.,
17.0,idbd-d101329,e7,aggatgtgct,e7,ggaattgtaa,nextera,rnd,0.19699999999999998,0.302,0.303,0.306,0.198,icdna03,enterobacteria phage t7|enterobacteria phage pr772,respnegcon01,respposcon02,legionella pneumophila|streptococcus anginosus,/uufs/chpc.utah.edu/common/home/idbydna-group3/results/idbd_rnd_v2/200120_NB551543_0200_AH2N2NAFX2/tax,/common/idbydna-archives/fastqs/illumina/rnd/200119-1-1-idbd-d101329-d-05-ah2n2nafx2-ggaattgtaa-aggatgtgct-5e276783/filt/200119-1-1-IDBD-D101329-d-05-AH2N2NAFX2-GGAATTGTAA-AGGATGTGCT-5e276783_S5_R1_001.postAdapt.postQual.fastq.gz,nextseq mid,nb551543,nextseq,9.577,9.59,200119b01,200119b01-idbd-d101329-d-05,34.88,dna,20415075.0,20407865.0,20391088.0,n/a;dic200117,191209neg,042519p2,/srv/idbydna-group3/results/idbd_rnd_v2/200120_NB551543_0200_AH2N2NAFX2/fqs/fq_filt/Nextera/200119-1-1-IDBD-D101329-d-05-AH2N2NAFX2-GGAATTGTAA-AGGATGTGCT-5e276783_S5_R1_001.postAdapt.postQual.fastq.gz,2.0.0-beta.14,illumina,2.187,filt,explifyv2,147.0,0.0,4088165.0,42.756,4198116.0,95.339,93.73700000000001,93.73700000000001,100.0,117246.63,117246.63,2020-01-20,200120_nb551543_0200_ah2n2nafx2,9889.056,0.0,0.46799999999999997,0.46799999999999997,16144473423.0,16144473423.0,"undamaged, dry ice| none| none| none",respneg05,bal,200119-1-1-idbd-d101329-d-05-ah2n2nafx2-ggaattgtaa-aggatgtgct-5e276783,200119-1-1,r&d_proddev,.,
18.0,idbd-d101330,f7,tgcgacggaa,f7,gcataagctt,nextera,rnd,0.19899999999999998,0.301,0.299,0.307,0.201,icdna03,enterobacteria phage t7|enterobacteria phage pr772,respnegcon01,respposcon02,legionella pneumophila|streptococcus anginosus,/uufs/chpc.utah.edu/common/home/idbydna-group3/results/idbd_rnd_v2/200120_NB551543_0200_AH2N2NAFX2/tax,/common/idbydna-archives/fastqs/illumina/rnd/200119-1-1-idbd-d101330-d-06-ah2n2nafx2-gcataagctt-tgcgacggaa-5e276783/filt/200119-1-1-IDBD-D101330-d-06-AH2N2NAFX2-GCATAAGCTT-TGCGACGGAA-5e276783_S6_R1_001.postAdapt.postQual.fastq.gz,nextseq mid,nb551543,nextseq,9.575,9.565,200119b01,200119b01-idbd-d101330-d-06,34.861999999999995,dna,20415075.0,20407865.0,20391088.0,n/a;dic200117,191209neg,042519p2,/srv/idbydna-group3/results/idbd_rnd_v2/200120_NB551543_0200_AH2N2NAFX2/fqs/fq_filt/Nextera/200119-1-1-IDBD-D101330-d-06-AH2N2NAFX2-GCATAAGCTT-TGCGACGGAA-5e276783_S6_R1_001.postAdapt.postQual.fastq.gz,2.0.0-beta.14,illumina,4.72,filt,explifyv2,147.0,0.0,5043474.0,49.726000000000006,5325581.0,95.339,93.73700000000001,93.73700000000001,100.0,117246.63,117246.63,2020-01-20,200120_nb551543_0200_ah2n2nafx2,9889.056,0.0,0.46799999999999997,0.46799999999999997,16144473423.0,16144473423.0,"undamaged, dry ice| none| none| none",respneg06,bal,200119-1-1-idbd-d101330-d-06-ah2n2nafx2-gcataagctt-tgcgacggaa-5e276783,200119-1-1,r&d_proddev,.,
19.0,idbd-d101332,h7,tatccgaggc,h7,aacgcacgag,nextera,rnd,0.198,0.304,0.302,0.305,0.19699999999999998,icdna03,enterobacteria phage t7|enterobacteria phage pr772,respnegcon01,respposcon02,legionella pneumophila|streptococcus anginosus,/uufs/chpc.utah.edu/common/home/idbydna-group3/results/idbd_rnd_v2/200120_NB551543_0200_AH2N2NAFX2/tax,/common/idbydna-archives/fastqs/illumina/rnd/200119-1-1-idbd-d101332-d-08-ah2n2nafx2-aacgcacgag-tatccgaggc-5e276783/filt/200119-1-1-IDBD-D101332-d-08-AH2N2NAFX2-AACGCACGAG-TATCCGAGGC-5e276783_S8_R1_001.postAdapt.postQual.fastq.gz,nextseq mid,nb551543,nextseq,9.574,9.584,200119b01,200119b01-idbd-d101332-d-08,34.85,dna,20415075.0,20407865.0,20391088.0,n/a;dic200117,191209neg,042519p2,/srv/idbydna-group3/results/idbd_rnd_v2/200120_NB551543_0200_AH2N2NAFX2/fqs/fq_filt/Nextera/200119-1-1-IDBD-D101332-d-08-AH2N2NAFX2-AACGCACGAG-TATCCGAGGC-5e276783_S8_R1_001.postAdapt.postQual.fastq.gz,2.0.0-beta.14,illumina,2.476,filt,explifyv2,147.0,0.0,4344814.0,43.394,4472978.0,95.339,93.73700000000001,93.73700000000001,100.0,117246.63,117246.63,2020-01-20,200120_nb551543_0200_ah2n2nafx2,9889.056,0.0,0.46799999999999997,0.46799999999999997,16144473423.0,16144473423.0,"undamaged, dry ice| none| none| none",respneg08,bal,200119-1-1-idbd-d101332-d-08-ah2n2nafx2-aacgcacgag-tatccgaggc-5e276783,200119-1-1,r&d_proddev,.,
20.0,controlpos,b9,cgcagcaatt,b9,ataccaacgc,nextera,rnd,0.28600000000000003,0.213,0.218,0.252,0.28300000000000003,icdna03,enterobacteria phage t7|enterobacteria phage pr772,respnegcon01,respposcon02,legionella pneumophila|streptococcus anginosus,/uufs/chpc.utah.edu/common/home/idbydna-group3/results/idbd_rnd_v2/200120_NB551543_0200_AH2N2NAFX2/tax,/common/idbydna-archives/fastqs/illumina/rnd/200119-1-1-respposcon02-d-10-ah2n2nafx2-ataccaacgc-cgcagcaatt-5e276783/filt/200119-1-1-RespPosCon02-d-10-AH2N2NAFX2-ATACCAACGC-CGCAGCAATT-5e276783_S10_R1_001.postAdapt.postQual.fastq.gz,nextseq mid,nb551543,nextseq,9.758,9.567,200119b01,200119b01-respposcon02-d-10,34.804,dna,20415075.0,20407865.0,20391088.0,n/a;dic200117,191209neg,042519p2,/srv/idbydna-group3/results/idbd_rnd_v2/200120_NB551543_0200_AH2N2NAFX2/fqs/fq_filt/Nextera/200119-1-1-RespPosCon02-d-10-AH2N2NAFX2-ATACCAACGC-CGCAGCAATT-5e276783_S10_R1_001.postAdapt.postQual.fastq.gz,2.0.0-beta.14,illumina,6.287000000000001,filt,explifyv2,147.0,0.0,3763566.0,64.779,4055143.0,95.339,93.73700000000001,93.73700000000001,100.0,117246.63,117246.63,2020-01-20,200120_nb551543_0200_ah2n2nafx2,9889.056,0.0,0.46799999999999997,0.46799999999999997,16144473423.0,16144473423.0,,,,200119-1-1-respposcon02-d-10-ah2n2nafx2-ataccaacgc-cgcagcaatt-5e276783,200119-1-1,,,
1.0,idbd-d101337,e8,ctacatgcct,e8,tggctaatca,nextera,rnd,0.196,0.304,0.302,0.305,0.198,icdna03,enterobacteria phage t7|enterobacteria phage pr772,respnegcon01,respposcon02,legionella pneumophila|streptococcus anginosus,/uufs/chpc.utah.edu/common/home/idbydna-group3/results/idbd_rnd_v2/200120_NB551543_0200_AH2N2NAFX2/tax,/common/idbydna-archives/fastqs/illumina/rnd/200119-1-1-idbd-d101337-d-05-ah2n2nafx2-tggctaatca-ctacatgcct-5e262f53/filt/200119-1-1-IDBD-D101337-d-05-AH2N2NAFX2-TGGCTAATCA-CTACATGCCT-5e262f53_S15_R1_001.postAdapt.postQual.fastq.gz,nextseq mid,nb551543,nextseq,9.568,9.583,200119b02,200119b02-idbd-d101337-d-05,34.887,dna,20415075.0,20407865.0,20391088.0,n/a;dic200117,191209neg,042519p2,/srv/idbydna-group3/results/idbd_rnd_v2/200120_NB551543_0200_AH2N2NAFX2/fqs/fq_filt/Nextera/200119-1-1-IDBD-D101337-d-05-AH2N2NAFX2-TGGCTAATCA-CTACATGCCT-5e262f53_S15_R1_001.postAdapt.postQual.fastq.gz,2.0.0-beta.14,illumina,2.4419999999999997,filt,explifyv2,147.0,0.0,4318208.0,42.32,4445785.0,95.339,93.73700000000001,93.73700000000001,100.0,117246.63,117246.63,2020-01-20,200120_nb551543_0200_ah2n2nafx2,9889.056,0.0,0.46799999999999997,0.46799999999999997,16144473423.0,16144473423.0,"undamaged, dry ice| none| none| none",respneg13,bal,200119-1-1-idbd-d101337-d-05-ah2n2nafx2-tggctaatca-ctacatgcct-5e262f53,200119-1-1,r&d_proddev,.,
2.0,idbd-d101339,g8,gcggagccaa,g8,attgcgcggt,nextera,rnd,0.19699999999999998,0.3,0.304,0.31,0.19899999999999998,icdna03,enterobacteria phage t7|enterobacteria phage pr772,respnegcon01,respposcon02,legionella pneumophila|streptococcus anginosus,/uufs/chpc.utah.edu/common/home/idbydna-group3/results/idbd_rnd_v2/200120_NB551543_0200_AH2N2NAFX2/tax,/common/idbydna-archives/fastqs/illumina/rnd/200119-1-1-idbd-d101339-d-07-ah2n2nafx2-attgcgcggt-gcggagccaa-5e262f53/filt/200119-1-1-IDBD-D101339-d-07-AH2N2NAFX2-ATTGCGCGGT-GCGGAGCCAA-5e262f53_S17_R1_001.postAdapt.postQual.fastq.gz,nextseq mid,nb551543,nextseq,9.59,9.594,200119b02,200119b02-idbd-d101339-d-07,34.76,dna,20415075.0,20407865.0,20391088.0,n/a;dic200117,191209neg,042519p2,/srv/idbydna-group3/results/idbd_rnd_v2/200120_NB551543_0200_AH2N2NAFX2/fqs/fq_filt/Nextera/200119-1-1-IDBD-D101339-d-07-AH2N2NAFX2-ATTGCGCGGT-GCGGAGCCAA-5e262f53_S17_R1_001.postAdapt.postQual.fastq.gz,2.0.0-beta.14,illumina,2.291,filt,explifyv2,147.0,0.0,5013470.0,40.535,5155690.0,95.339,93.73700000000001,93.73700000000001,100.0,117246.63,117246.63,2020-01-20,200120_nb551543_0200_ah2n2nafx2,9889.056,0.0,0.46799999999999997,0.46799999999999997,16144473423.0,16144473423.0,"undamaged, dry ice| none| none| none",respneg15,bal,200119-1-1-idbd-d101339-d-07-ah2n2nafx2-attgcgcggt-gcggagccaa-5e262f53,200119-1-1,r&d_proddev,.,
3.0,idbd-d101333,a8,ccagtcgacg,a8,tctatcctaa,nextera,rnd,0.196,0.304,0.302,0.304,0.198,icdna03,enterobacteria phage t7|enterobacteria phage pr772,respnegcon01,respposcon02,legionella pneumophila|streptococcus anginosus,/uufs/chpc.utah.edu/common/home/idbydna-group3/results/idbd_rnd_v2/200120_NB551543_0200_AH2N2NAFX2/tax,/common/idbydna-archives/fastqs/illumina/rnd/200119-1-1-idbd-d101333-d-01-ah2n2nafx2-tctatcctaa-ccagtcgacg-5e262f53/filt/200119-1-1-IDBD-D101333-d-01-AH2N2NAFX2-TCTATCCTAA-CCAGTCGACG-5e262f53_S11_R1_001.postAdapt.postQual.fastq.gz,nextseq mid,nb551543,nextseq,9.568,9.587,200119b02,200119b02-idbd-d101333-d-01,34.821999999999996,dna,20415075.0,20407865.0,20391088.0,n/a;dic200117,191209neg,042519p2,/srv/idbydna-group3/results/idbd_rnd_v2/200120_NB551543_0200_AH2N2NAFX2/fqs/fq_filt/Nextera/200119-1-1-IDBD-D101333-d-01-AH2N2NAFX2-TCTATCCTAA-CCAGTCGACG-5e262f53_S11_R1_001.postAdapt.postQual.fastq.gz,2.0.0-beta.14,illumina,2.146,filt,explifyv2,147.0,0.0,3489906.0,44.832,3581416.0,95.339,93.73700000000001,93.73700000000001,100.0,117246.63,117246.63,2020-01-20,200120_nb551543_0200_ah2n2nafx2,9889.056,0.0,0.46799999999999997,0.46799999999999997,16144473423.0,16144473423.0,"undamaged, dry ice| none| none| none",respneg09,bal,200119-1-1-idbd-d101333-d-01-ah2n2nafx2-tctatcctaa-ccagtcgacg-5e262f53,200119-1-1,r&d_proddev,.,
4.0,idbd-d101336,d8,ctggaactgt,d8,ttacctggaa,nextera,rnd,0.196,0.303,0.305,0.31,0.19699999999999998,icdna03,enterobacteria phage t7|enterobacteria phage pr772,respnegcon01,respposcon02,legionella pneumophila|streptococcus anginosus,/uufs/chpc.utah.edu/common/home/idbydna-group3/results/idbd_rnd_v2/200120_NB551543_0200_AH2N2NAFX2/tax,/common/idbydna-archives/fastqs/illumina/rnd/200119-1-1-idbd-d101336-d-04-ah2n2nafx2-ttacctggaa-ctggaactgt-5e262f53/filt/200119-1-1-IDBD-D101336-d-04-AH2N2NAFX2-TTACCTGGAA-CTGGAACTGT-5e262f53_S14_R1_001.postAdapt.postQual.fastq.gz,nextseq mid,nb551543,nextseq,9.568,9.586,200119b02,200119b02-idbd-d101336-d-04,34.884,dna,20415075.0,20407865.0,20391088.0,n/a;dic200117,191209neg,042519p2,/srv/idbydna-group3/results/idbd_rnd_v2/200120_NB551543_0200_AH2N2NAFX2/fqs/fq_filt/Nextera/200119-1-1-IDBD-D101336-d-04-AH2N2NAFX2-TTACCTGGAA-CTGGAACTGT-5e262f53_S14_R1_001.postAdapt.postQual.fastq.gz,2.0.0-beta.14,illumina,2.2880000000000003,filt,explifyv2,147.0,0.0,4604926.0,41.445,4733516.0,95.339,93.73700000000001,93.73700000000001,100.0,117246.63,117246.63,2020-01-20,200120_nb551543_0200_ah2n2nafx2,9889.056,0.0,0.46799999999999997,0.46799999999999997,16144473423.0,16144473423.0,"undamaged, dry ice| none| none| none",respneg12,bal,200119-1-1-idbd-d101336-d-04-ah2n2nafx2-ttacctggaa-ctggaactgt-5e262f53,200119-1-1,r&d_proddev,.,
5.0,controlpos,d10,tgacggccgt,d10,ctgactctac,nextera,rnd,0.235,0.17300000000000001,0.33,0.5329999999999999,0.262,icdna03,enterobacteria phage t7|enterobacteria phage pr772,respnegcon01,respposcon02,legionella pneumophila|streptococcus anginosus,/uufs/chpc.utah.edu/common/home/idbydna-group3/results/idbd_rnd_v2/200120_NB551543_0200_AH2N2NAFX2/tax,/common/idbydna-archives/fastqs/illumina/rnd/200119-1-1-respposcon02-d-10-ah2n2nafx2-ctgactctac-tgacggccgt-5e262f53/filt/200119-1-1-RespPosCon02-d-10-AH2N2NAFX2-CTGACTCTAC-TGACGGCCGT-5e262f53_S20_R1_001.postAdapt.postQual.fastq.gz,nextseq mid,nb551543,nextseq,6.931,7.466,200119b02,200119b02-respposcon02-d-10,35.34,dna,20415075.0,20407865.0,20391088.0,n/a;dic200117,191209neg,042519p2,/srv/idbydna-group3/results/idbd_rnd_v2/200120_NB551543_0200_AH2N2NAFX2/fqs/fq_filt/Nextera/200119-1-1-RespPosCon02-d-10-AH2N2NAFX2-CTGACTCTAC-TGACGGCCGT-5e262f53_S20_R1_001.postAdapt.postQual.fastq.gz,2.0.0-beta.14,illumina,50.0,filt,explifyv2,147.0,0.0,1.0,100.0,2.0,95.339,93.73700000000001,93.73700000000001,100.0,117246.63,117246.63,2020-01-20,200120_nb551543_0200_ah2n2nafx2,9889.056,0.0,0.46799999999999997,0.46799999999999997,16144473423.0,16144473423.0,,,,200119-1-1-respposcon02-d-10-ah2n2nafx2-ctgactctac-tgacggccgt-5e262f53,200119-1-1,,,
6.0,idbd-d101337,e8,ctacatgcct,e8,tggctaatca,nextera,rnd,0.196,0.304,0.302,0.305,0.198,icdna03,enterobacteria phage t7|enterobacteria phage pr772,respnegcon01,respposcon02,legionella pneumophila|streptococcus anginosus,/uufs/chpc.utah.edu/common/home/idbydna-group3/results/idbd_rnd_v2/200120_NB551543_0200_AH2N2NAFX2/tax,/common/idbydna-archives/fastqs/illumina/rnd/200119-1-1-idbd-d101337-d-05-ah2n2nafx2-tggctaatca-ctacatgcct-5e276783/filt/200119-1-1-IDBD-D101337-d-05-AH2N2NAFX2-TGGCTAATCA-CTACATGCCT-5e276783_S15_R1_001.postAdapt.postQual.fastq.gz,nextseq mid,nb551543,nextseq,9.568,9.583,200119b02,200119b02-idbd-d101337-d-05,34.887,dna,20415075.0,20407865.0,20391088.0,n/a;dic200117,191209neg,042519p2,/srv/idbydna-group3/results/idbd_rnd_v2/200120_NB551543_0200_AH2N2NAFX2/fqs/fq_filt/Nextera/200119-1-1-IDBD-D101337-d-05-AH2N2NAFX2-TGGCTAATCA-CTACATGCCT-5e276783_S15_R1_001.postAdapt.postQual.fastq.gz,2.0.0-beta.14,illumina,2.4419999999999997,filt,explifyv2,147.0,0.0,4318208.0,42.32,4445785.0,95.339,93.73700000000001,93.73700000000001,100.0,117246.63,117246.63,2020-01-20,200120_nb551543_0200_ah2n2nafx2,9889.056,0.0,0.46799999999999997,0.46799999999999997,16144473423.0,16144473423.0,"undamaged, dry ice| none| none| none",respneg13,bal,200119-1-1-idbd-d101337-d-05-ah2n2nafx2-tggctaatca-ctacatgcct-5e276783,200119-1-1,r&d_proddev,.,
7.0,idbd-d101334,b8,ttgactagta,b8,ctcgcttcgg,nextera,rnd,0.195,0.305,0.302,0.308,0.198,icdna03,enterobacteria phage t7|enterobacteria phage pr772,respnegcon01,respposcon02,legionella pneumophila|streptococcus anginosus,/uufs/chpc.utah.edu/common/home/idbydna-group3/results/idbd_rnd_v2/200120_NB551543_0200_AH2N2NAFX2/tax,/common/idbydna-archives/fastqs/illumina/rnd/200119-1-1-idbd-d101334-d-02-ah2n2nafx2-ctcgcttcgg-ttgactagta-5e276783/filt/200119-1-1-IDBD-D101334-d-02-AH2N2NAFX2-CTCGCTTCGG-TTGACTAGTA-5e276783_S12_R1_001.postAdapt.postQual.fastq.gz,nextseq mid,nb551543,nextseq,9.568999999999999,9.575,200119b02,200119b02-idbd-d101334-d-02,34.91,dna,20415075.0,20407865.0,20391088.0,n/a;dic200117,191209neg,042519p2,/srv/idbydna-group3/results/idbd_rnd_v2/200120_NB551543_0200_AH2N2NAFX2/fqs/fq_filt/Nextera/200119-1-1-IDBD-D101334-d-02-AH2N2NAFX2-CTCGCTTCGG-TTGACTAGTA-5e276783_S12_R1_001.postAdapt.postQual.fastq.gz,2.0.0-beta.14,illumina,2.986,filt,explifyv2,147.0,0.0,4785291.0,43.653,4955851.0,95.339,93.73700000000001,93.73700000000001,100.0,117246.63,117246.63,2020-01-20,200120_nb551543_0200_ah2n2nafx2,9889.056,0.0,0.46799999999999997,0.46799999999999997,16144473423.0,16144473423.0,"undamaged, dry ice| none| none| none",respneg10,bal,200119-1-1-idbd-d101334-d-02-ah2n2nafx2-ctcgcttcgg-ttgactagta-5e276783,200119-1-1,r&d_proddev,.,
8.0,idbd-d101335,c8,aacggtctat,c8,ctgttggtcc,nextera,rnd,0.195,0.304,0.302,0.307,0.19899999999999998,icdna03,enterobacteria phage t7|enterobacteria phage pr772,respnegcon01,respposcon02,legionella pneumophila|streptococcus anginosus,/uufs/chpc.utah.edu/common/home/idbydna-group3/results/idbd_rnd_v2/200120_NB551543_0200_AH2N2NAFX2/tax,/common/idbydna-archives/fastqs/illumina/rnd/200119-1-1-idbd-d101335-d-03-ah2n2nafx2-ctgttggtcc-aacggtctat-5e276783/filt/200119-1-1-IDBD-D101335-d-03-AH2N2NAFX2-CTGTTGGTCC-AACGGTCTAT-5e276783_S13_R1_001.postAdapt.postQual.fastq.gz,nextseq mid,nb551543,nextseq,9.575,9.585,200119b02,200119b02-idbd-d101335-d-03,34.92,dna,20415075.0,20407865.0,20391088.0,n/a;dic200117,191209neg,042519p2,/srv/idbydna-group3/results/idbd_rnd_v2/200120_NB551543_0200_AH2N2NAFX2/fqs/fq_filt/Nextera/200119-1-1-IDBD-D101335-d-03-AH2N2NAFX2-CTGTTGGTCC-AACGGTCTAT-5e276783_S13_R1_001.postAdapt.postQual.fastq.gz,2.0.0-beta.14,illumina,2.679,filt,explifyv2,147.0,0.0,4572071.0,42.583999999999996,4719705.0,95.339,93.73700000000001,93.73700000000001,100.0,117246.63,117246.63,2020-01-20,200120_nb551543_0200_ah2n2nafx2,9889.056,0.0,0.46799999999999997,0.46799999999999997,16144473423.0,16144473423.0,"undamaged, dry ice| none| none| none",respneg11,bal,200119-1-1-idbd-d101335-d-03-ah2n2nafx2-ctgttggtcc-aacggtctat-5e276783,200119-1-1,r&d_proddev,.,
9.0,idbd-d101338,f8,tgagacttgc,f8,aacactgtta,nextera,rnd,0.198,0.303,0.301,0.304,0.198,icdna03,enterobacteria phage t7|enterobacteria phage pr772,respnegcon01,respposcon02,legionella pneumophila|streptococcus anginosus,/uufs/chpc.utah.edu/common/home/idbydna-group3/results/idbd_rnd_v2/200120_NB551543_0200_AH2N2NAFX2/tax,/common/idbydna-archives/fastqs/illumina/rnd/200119-1-1-idbd-d101338-d-06-ah2n2nafx2-aacactgtta-tgagacttgc-5e276783/filt/200119-1-1-IDBD-D101338-d-06-AH2N2NAFX2-AACACTGTTA-TGAGACTTGC-5e276783_S16_R1_001.postAdapt.postQual.fastq.gz,nextseq mid,nb551543,nextseq,9.574,9.588,200119b02,200119b02-idbd-d101338-d-06,34.899,dna,20415075.0,20407865.0,20391088.0,n/a;dic200117,191209neg,042519p2,/srv/idbydna-group3/results/idbd_rnd_v2/200120_NB551543_0200_AH2N2NAFX2/fqs/fq_filt/Nextera/200119-1-1-IDBD-D101338-d-06-AH2N2NAFX2-AACACTGTTA-TGAGACTTGC-5e276783_S16_R1_001.postAdapt.postQual.fastq.gz,2.0.0-beta.14,illumina,2.7319999999999998,filt,explifyv2,147.0,0.0,4180572.0,44.071999999999996,4317741.0,95.339,93.73700000000001,93.73700000000001,100.0,117246.63,117246.63,2020-01-20,200120_nb551543_0200_ah2n2nafx2,9889.056,0.0,0.46799999999999997,0.46799999999999997,16144473423.0,16144473423.0,"undamaged, dry ice| none| none| none",respneg14,bal,200119-1-1-idbd-d101338-d-06-ah2n2nafx2-aacactgtta-tgagacttgc-5e276783,200119-1-1,r&d_proddev,.,
10.0,controlneg,c9,ggaattgtaa,c9,aggatgtgct,nextera,rnd,0.196,0.302,0.303,0.307,0.198,icdna03,enterobacteria phage t7|enterobacteria phage pr772,respnegcon01,respposcon02,legionella pneumophila|streptococcus anginosus,/uufs/chpc.utah.edu/common/home/idbydna-group3/results/idbd_rnd_v2/200120_NB551543_0200_AH2N2NAFX2/tax,/common/idbydna-archives/fastqs/illumina/rnd/200119-1-1-respnegcon01-d-09-ah2n2nafx2-aggatgtgct-ggaattgtaa-5e276783/filt/200119-1-1-RespNegCon01-d-09-AH2N2NAFX2-AGGATGTGCT-GGAATTGTAA-5e276783_S19_R1_001.postAdapt.postQual.fastq.gz,nextseq mid,nb551543,nextseq,9.579,9.593,200119b02,200119b02-respnegcon01-d-09,34.897,dna,20415075.0,20407865.0,20391088.0,n/a;dic200117,191209neg,042519p2,/srv/idbydna-group3/results/idbd_rnd_v2/200120_NB551543_0200_AH2N2NAFX2/fqs/fq_filt/Nextera/200119-1-1-RespNegCon01-d-09-AH2N2NAFX2-AGGATGTGCT-GGAATTGTAA-5e276783_S19_R1_001.postAdapt.postQual.fastq.gz,2.0.0-beta.14,illumina,2.009,filt,explifyv2,147.0,0.0,3447370.0,44.873000000000005,3532818.0,95.339,93.73700000000001,93.73700000000001,100.0,117246.63,117246.63,2020-01-20,200120_nb551543_0200_ah2n2nafx2,9889.056,0.0,0.46799999999999997,0.46799999999999997,16144473423.0,16144473423.0,,,,200119-1-1-respnegcon01-d-09-ah2n2nafx2-aggatgtgct-ggaattgtaa-5e276783,200119-1-1,,,
11.0,controlpos,d9,gtgctaggtt,d9,cacggaacaa,nextera,rnd,0.303,0.196,0.198,0.203,0.302,icdna03,enterobacteria phage t7|enterobacteria phage pr772,respnegcon01,respposcon02,legionella pneumophila|streptococcus anginosus,/uufs/chpc.utah.edu/common/home/idbydna-group3/results/idbd_rnd_v2/200120_NB551543_0200_AH2N2NAFX2/tax,/common/idbydna-archives/fastqs/illumina/rnd/200119-1-1-respposcon02-d-10-ah2n2nafx2-cacggaacaa-gtgctaggtt-5e276783/filt/200119-1-1-RespPosCon02-d-10-AH2N2NAFX2-CACGGAACAA-GTGCTAGGTT-5e276783_S20_R1_001.postAdapt.postQual.fastq.gz,nextseq mid,nb551543,nextseq,9.713,9.712,200119b02,200119b02-respposcon02-d-10,34.615,dna,20415075.0,20407865.0,20391088.0,n/a;dic200117,191209neg,042519p2,/srv/idbydna-group3/results/idbd_rnd_v2/200120_NB551543_0200_AH2N2NAFX2/fqs/fq_filt/Nextera/200119-1-1-RespPosCon02-d-10-AH2N2NAFX2-CACGGAACAA-GTGCTAGGTT-5e276783_S20_R1_001.postAdapt.postQual.fastq.gz,2.0.0-beta.14,illumina,1.048,filt,explifyv2,147.0,0.0,3584944.0,41.426,3630662.0,95.339,93.73700000000001,93.73700000000001,100.0,117246.63,117246.63,2020-01-20,200120_nb551543_0200_ah2n2nafx2,9889.056,0.0,0.46799999999999997,0.46799999999999997,16144473423.0,16144473423.0,,,,200119-1-1-respposcon02-d-10-ah2n2nafx2-cacggaacaa-gtgctaggtt-5e276783,200119-1-1,,,
12.0,idbd-d101340,h8,agtatcagtt,h8,tggcgcgaac,nextera,rnd,0.195,0.304,0.304,0.308,0.196,icdna03,enterobacteria phage t7|enterobacteria phage pr772,respnegcon01,respposcon02,legionella pneumophila|streptococcus anginosus,/uufs/chpc.utah.edu/common/home/idbydna-group3/results/idbd_rnd_v2/200120_NB551543_0200_AH2N2NAFX2/tax,/common/idbydna-archives/fastqs/illumina/rnd/200119-1-1-idbd-d101340-d-08-ah2n2nafx2-tggcgcgaac-agtatcagtt-5e262f53/filt/200119-1-1-IDBD-D101340-d-08-AH2N2NAFX2-TGGCGCGAAC-AGTATCAGTT-5e262f53_S18_R1_001.postAdapt.postQual.fastq.gz,nextseq mid,nb551543,nextseq,9.568,9.577,200119b02,200119b02-idbd-d101340-d-08,34.893,dna,20415075.0,20407865.0,20391088.0,n/a;dic200117,191209neg,042519p2,/srv/idbydna-group3/results/idbd_rnd_v2/200120_NB551543_0200_AH2N2NAFX2/fqs/fq_filt/Nextera/200119-1-1-IDBD-D101340-d-08-AH2N2NAFX2-TGGCGCGAAC-AGTATCAGTT-5e262f53_S18_R1_001.postAdapt.postQual.fastq.gz,2.0.0-beta.14,illumina,1.999,filt,explifyv2,147.0,0.0,4306353.0,40.847,4411436.0,95.339,93.73700000000001,93.73700000000001,100.0,117246.63,117246.63,2020-01-20,200120_nb551543_0200_ah2n2nafx2,9889.056,0.0,0.46799999999999997,0.46799999999999997,16144473423.0,16144473423.0,"undamaged, dry ice| none| none| none",respneg16,bal,200119-1-1-idbd-d101340-d-08-ah2n2nafx2-tggcgcgaac-agtatcagtt-5e262f53,200119-1-1,r&d_proddev,.,
13.0,controlneg,c10,tacatccatc,c10,ctctgcagcg,nextera,rnd,0.21100000000000002,0.22399999999999998,0.374,0.767,0.19,icdna03,enterobacteria phage t7|enterobacteria phage pr772,respnegcon01,respposcon02,legionella pneumophila|streptococcus anginosus,/uufs/chpc.utah.edu/common/home/idbydna-group3/results/idbd_rnd_v2/200120_NB551543_0200_AH2N2NAFX2/tax,/common/idbydna-archives/fastqs/illumina/rnd/200119-1-1-respnegcon01-d-09-ah2n2nafx2-ctctgcagcg-tacatccatc-5e262f53/filt/200119-1-1-RespNegCon01-d-09-AH2N2NAFX2-CTCTGCAGCG-TACATCCATC-5e262f53_S19_R1_001.postAdapt.postQual.fastq.gz,nextseq mid,nb551543,nextseq,,6.417000000000001,200119b02,200119b02-respnegcon01-d-09,,dna,20415075.0,20407865.0,20391088.0,n/a;dic200117,191209neg,042519p2,/srv/idbydna-group3/results/idbd_rnd_v2/200120_NB551543_0200_AH2N2NAFX2/fqs/fq_filt/Nextera/200119-1-1-RespNegCon01-d-09-AH2N2NAFX2-CTCTGCAGCG-TACATCCATC-5e262f53_S19_R1_001.postAdapt.postQual.fastq.gz,2.0.0-beta.14,illumina,100.0,filt,explifyv2,147.0,0.0,0.0,100.0,1.0,95.339,93.73700000000001,93.73700000000001,100.0,117246.63,117246.63,2020-01-20,200120_nb551543_0200_ah2n2nafx2,9889.056,0.0,0.46799999999999997,0.46799999999999997,16144473423.0,16144473423.0,,,,200119-1-1-respnegcon01-d-09-ah2n2nafx2-ctctgcagcg-tacatccatc-5e262f53,200119-1-1,,,
14.0,idbd-d101334,b8,ttgactagta,b8,ctcgcttcgg,nextera,rnd,0.195,0.305,0.302,0.308,0.198,icdna03,enterobacteria phage t7|enterobacteria phage pr772,respnegcon01,respposcon02,legionella pneumophila|streptococcus anginosus,/uufs/chpc.utah.edu/common/home/idbydna-group3/results/idbd_rnd_v2/200120_NB551543_0200_AH2N2NAFX2/tax,/common/idbydna-archives/fastqs/illumina/rnd/200119-1-1-idbd-d101334-d-02-ah2n2nafx2-ctcgcttcgg-ttgactagta-5e262f53/filt/200119-1-1-IDBD-D101334-d-02-AH2N2NAFX2-CTCGCTTCGG-TTGACTAGTA-5e262f53_S12_R1_001.postAdapt.postQual.fastq.gz,nextseq mid,nb551543,nextseq,9.568999999999999,9.575,200119b02,200119b02-idbd-d101334-d-02,34.91,dna,20415075.0,20407865.0,20391088.0,n/a;dic200117,191209neg,042519p2,/srv/idbydna-group3/results/idbd_rnd_v2/200120_NB551543_0200_AH2N2NAFX2/fqs/fq_filt/Nextera/200119-1-1-IDBD-D101334-d-02-AH2N2NAFX2-CTCGCTTCGG-TTGACTAGTA-5e262f53_S12_R1_001.postAdapt.postQual.fastq.gz,2.0.0-beta.14,illumina,2.986,filt,explifyv2,147.0,0.0,4785291.0,43.653,4955851.0,95.339,93.73700000000001,93.73700000000001,100.0,117246.63,117246.63,2020-01-20,200120_nb551543_0200_ah2n2nafx2,9889.056,0.0,0.46799999999999997,0.46799999999999997,16144473423.0,16144473423.0,"undamaged, dry ice| none| none| none",respneg10,bal,200119-1-1-idbd-d101334-d-02-ah2n2nafx2-ctcgcttcgg-ttgactagta-5e262f53,200119-1-1,r&d_proddev,.,
15.0,idbd-d101335,c8,aacggtctat,c8,ctgttggtcc,nextera,rnd,0.195,0.304,0.302,0.307,0.19899999999999998,icdna03,enterobacteria phage t7|enterobacteria phage pr772,respnegcon01,respposcon02,legionella pneumophila|streptococcus anginosus,/uufs/chpc.utah.edu/common/home/idbydna-group3/results/idbd_rnd_v2/200120_NB551543_0200_AH2N2NAFX2/tax,/common/idbydna-archives/fastqs/illumina/rnd/200119-1-1-idbd-d101335-d-03-ah2n2nafx2-ctgttggtcc-aacggtctat-5e262f53/filt/200119-1-1-IDBD-D101335-d-03-AH2N2NAFX2-CTGTTGGTCC-AACGGTCTAT-5e262f53_S13_R1_001.postAdapt.postQual.fastq.gz,nextseq mid,nb551543,nextseq,9.575,9.585,200119b02,200119b02-idbd-d101335-d-03,34.92,dna,20415075.0,20407865.0,20391088.0,n/a;dic200117,191209neg,042519p2,/srv/idbydna-group3/results/idbd_rnd_v2/200120_NB551543_0200_AH2N2NAFX2/fqs/fq_filt/Nextera/200119-1-1-IDBD-D101335-d-03-AH2N2NAFX2-CTGTTGGTCC-AACGGTCTAT-5e262f53_S13_R1_001.postAdapt.postQual.fastq.gz,2.0.0-beta.14,illumina,2.679,filt,explifyv2,147.0,0.0,4572071.0,42.583999999999996,4719705.0,95.339,93.73700000000001,93.73700000000001,100.0,117246.63,117246.63,2020-01-20,200120_nb551543_0200_ah2n2nafx2,9889.056,0.0,0.46799999999999997,0.46799999999999997,16144473423.0,16144473423.0,"undamaged, dry ice| none| none| none",respneg11,bal,200119-1-1-idbd-d101335-d-03-ah2n2nafx2-ctgttggtcc-aacggtctat-5e262f53,200119-1-1,r&d_proddev,.,
16.0,idbd-d101338,f8,tgagacttgc,f8,aacactgtta,nextera,rnd,0.198,0.303,0.301,0.304,0.198,icdna03,enterobacteria phage t7|enterobacteria phage pr772,respnegcon01,respposcon02,legionella pneumophila|streptococcus anginosus,/uufs/chpc.utah.edu/common/home/idbydna-group3/results/idbd_rnd_v2/200120_NB551543_0200_AH2N2NAFX2/tax,/common/idbydna-archives/fastqs/illumina/rnd/200119-1-1-idbd-d101338-d-06-ah2n2nafx2-aacactgtta-tgagacttgc-5e262f53/filt/200119-1-1-IDBD-D101338-d-06-AH2N2NAFX2-AACACTGTTA-TGAGACTTGC-5e262f53_S16_R1_001.postAdapt.postQual.fastq.gz,nextseq mid,nb551543,nextseq,9.574,9.588,200119b02,200119b02-idbd-d101338-d-06,34.899,dna,20415075.0,20407865.0,20391088.0,n/a;dic200117,191209neg,042519p2,/srv/idbydna-group3/results/idbd_rnd_v2/200120_NB551543_0200_AH2N2NAFX2/fqs/fq_filt/Nextera/200119-1-1-IDBD-D101338-d-06-AH2N2NAFX2-AACACTGTTA-TGAGACTTGC-5e262f53_S16_R1_001.postAdapt.postQual.fastq.gz,2.0.0-beta.14,illumina,2.7319999999999998,filt,explifyv2,147.0,0.0,4180572.0,44.071999999999996,4317741.0,95.339,93.73700000000001,93.73700000000001,100.0,117246.63,117246.63,2020-01-20,200120_nb551543_0200_ah2n2nafx2,9889.056,0.0,0.46799999999999997,0.46799999999999997,16144473423.0,16144473423.0,"undamaged, dry ice| none| none| none",respneg14,bal,200119-1-1-idbd-d101338-d-06-ah2n2nafx2-aacactgtta-tgagacttgc-5e262f53,200119-1-1,r&d_proddev,.,
17.0,idbd-d101339,g8,gcggagccaa,g8,attgcgcggt,nextera,rnd,0.19699999999999998,0.3,0.304,0.31,0.19899999999999998,icdna03,enterobacteria phage t7|enterobacteria phage pr772,respnegcon01,respposcon02,legionella pneumophila|streptococcus anginosus,/uufs/chpc.utah.edu/common/home/idbydna-group3/results/idbd_rnd_v2/200120_NB551543_0200_AH2N2NAFX2/tax,/common/idbydna-archives/fastqs/illumina/rnd/200119-1-1-idbd-d101339-d-07-ah2n2nafx2-attgcgcggt-gcggagccaa-5e276783/filt/200119-1-1-IDBD-D101339-d-07-AH2N2NAFX2-ATTGCGCGGT-GCGGAGCCAA-5e276783_S17_R1_001.postAdapt.postQual.fastq.gz,nextseq mid,nb551543,nextseq,9.59,9.594,200119b02,200119b02-idbd-d101339-d-07,34.76,dna,20415075.0,20407865.0,20391088.0,n/a;dic200117,191209neg,042519p2,/srv/idbydna-group3/results/idbd_rnd_v2/200120_NB551543_0200_AH2N2NAFX2/fqs/fq_filt/Nextera/200119-1-1-IDBD-D101339-d-07-AH2N2NAFX2-ATTGCGCGGT-GCGGAGCCAA-5e276783_S17_R1_001.postAdapt.postQual.fastq.gz,2.0.0-beta.14,illumina,2.291,filt,explifyv2,147.0,0.0,5013470.0,40.535,5155690.0,95.339,93.73700000000001,93.73700000000001,100.0,117246.63,117246.63,2020-01-20,200120_nb551543_0200_ah2n2nafx2,9889.056,0.0,0.46799999999999997,0.46799999999999997,16144473423.0,16144473423.0,"undamaged, dry ice| none| none| none",respneg15,bal,200119-1-1-idbd-d101339-d-07-ah2n2nafx2-attgcgcggt-gcggagccaa-5e276783,200119-1-1,r&d_proddev,.,
18.0,idbd-d101333,a8,ccagtcgacg,a8,tctatcctaa,nextera,rnd,0.196,0.304,0.302,0.304,0.198,icdna03,enterobacteria phage t7|enterobacteria phage pr772,respnegcon01,respposcon02,legionella pneumophila|streptococcus anginosus,/uufs/chpc.utah.edu/common/home/idbydna-group3/results/idbd_rnd_v2/200120_NB551543_0200_AH2N2NAFX2/tax,/common/idbydna-archives/fastqs/illumina/rnd/200119-1-1-idbd-d101333-d-01-ah2n2nafx2-tctatcctaa-ccagtcgacg-5e276783/filt/200119-1-1-IDBD-D101333-d-01-AH2N2NAFX2-TCTATCCTAA-CCAGTCGACG-5e276783_S11_R1_001.postAdapt.postQual.fastq.gz,nextseq mid,nb551543,nextseq,9.568,9.587,200119b02,200119b02-idbd-d101333-d-01,34.821999999999996,dna,20415075.0,20407865.0,20391088.0,n/a;dic200117,191209neg,042519p2,/srv/idbydna-group3/results/idbd_rnd_v2/200120_NB551543_0200_AH2N2NAFX2/fqs/fq_filt/Nextera/200119-1-1-IDBD-D101333-d-01-AH2N2NAFX2-TCTATCCTAA-CCAGTCGACG-5e276783_S11_R1_001.postAdapt.postQual.fastq.gz,2.0.0-beta.14,illumina,2.146,filt,explifyv2,147.0,0.0,3489906.0,44.832,3581416.0,95.339,93.73700000000001,93.73700000000001,100.0,117246.63,117246.63,2020-01-20,200120_nb551543_0200_ah2n2nafx2,9889.056,0.0,0.46799999999999997,0.46799999999999997,16144473423.0,16144473423.0,"undamaged, dry ice| none| none| none",respneg09,bal,200119-1-1-idbd-d101333-d-01-ah2n2nafx2-tctatcctaa-ccagtcgacg-5e276783,200119-1-1,r&d_proddev,.,
19.0,idbd-d101336,d8,ctggaactgt,d8,ttacctggaa,nextera,rnd,0.196,0.303,0.305,0.31,0.19699999999999998,icdna03,enterobacteria phage t7|enterobacteria phage pr772,respnegcon01,respposcon02,legionella pneumophila|streptococcus anginosus,/uufs/chpc.utah.edu/common/home/idbydna-group3/results/idbd_rnd_v2/200120_NB551543_0200_AH2N2NAFX2/tax,/common/idbydna-archives/fastqs/illumina/rnd/200119-1-1-idbd-d101336-d-04-ah2n2nafx2-ttacctggaa-ctggaactgt-5e276783/filt/200119-1-1-IDBD-D101336-d-04-AH2N2NAFX2-TTACCTGGAA-CTGGAACTGT-5e276783_S14_R1_001.postAdapt.postQual.fastq.gz,nextseq mid,nb551543,nextseq,9.568,9.586,200119b02,200119b02-idbd-d101336-d-04,34.884,dna,20415075.0,20407865.0,20391088.0,n/a;dic200117,191209neg,042519p2,/srv/idbydna-group3/results/idbd_rnd_v2/200120_NB551543_0200_AH2N2NAFX2/fqs/fq_filt/Nextera/200119-1-1-IDBD-D101336-d-04-AH2N2NAFX2-TTACCTGGAA-CTGGAACTGT-5e276783_S14_R1_001.postAdapt.postQual.fastq.gz,2.0.0-beta.14,illumina,2.2880000000000003,filt,explifyv2,147.0,0.0,4604926.0,41.445,4733516.0,95.339,93.73700000000001,93.73700000000001,100.0,117246.63,117246.63,2020-01-20,200120_nb551543_0200_ah2n2nafx2,9889.056,0.0,0.46799999999999997,0.46799999999999997,16144473423.0,16144473423.0,"undamaged, dry ice| none| none| none",respneg12,bal,200119-1-1-idbd-d101336-d-04-ah2n2nafx2-ttacctggaa-ctggaactgt-5e276783,200119-1-1,r&d_proddev,.,
20.0,idbd-d101340,h8,agtatcagtt,h8,tggcgcgaac,nextera,rnd,0.195,0.304,0.304,0.308,0.196,icdna03,enterobacteria phage t7|enterobacteria phage pr772,respnegcon01,respposcon02,legionella pneumophila|streptococcus anginosus,/uufs/chpc.utah.edu/common/home/idbydna-group3/results/idbd_rnd_v2/200120_NB551543_0200_AH2N2NAFX2/tax,/common/idbydna-archives/fastqs/illumina/rnd/200119-1-1-idbd-d101340-d-08-ah2n2nafx2-tggcgcgaac-agtatcagtt-5e276783/filt/200119-1-1-IDBD-D101340-d-08-AH2N2NAFX2-TGGCGCGAAC-AGTATCAGTT-5e276783_S18_R1_001.postAdapt.postQual.fastq.gz,nextseq mid,nb551543,nextseq,9.568,9.577,200119b02,200119b02-idbd-d101340-d-08,34.893,dna,20415075.0,20407865.0,20391088.0,n/a;dic200117,191209neg,042519p2,/srv/idbydna-group3/results/idbd_rnd_v2/200120_NB551543_0200_AH2N2NAFX2/fqs/fq_filt/Nextera/200119-1-1-IDBD-D101340-d-08-AH2N2NAFX2-TGGCGCGAAC-AGTATCAGTT-5e276783_S18_R1_001.postAdapt.postQual.fastq.gz,2.0.0-beta.14,illumina,1.999,filt,explifyv2,147.0,0.0,4306353.0,40.847,4411436.0,95.339,93.73700000000001,93.73700000000001,100.0,117246.63,117246.63,2020-01-20,200120_nb551543_0200_ah2n2nafx2,9889.056,0.0,0.46799999999999997,0.46799999999999997,16144473423.0,16144473423.0,"undamaged, dry ice| none| none| none",respneg16,bal,200119-1-1-idbd-d101340-d-08-ah2n2nafx2-tggcgcgaac-agtatcagtt-5e276783,200119-1-1,r&d_proddev,.,
