#,Fastq path,Original fastq path,Run Date (YYYY-MM-DD),Run Directory/Run ID,Lib Batch Id,Sample Name,Sample Type,Accession,Library Type,Analysis Environment,Study,Study Notes,Process Stage,Control Int Org Names,Pipe Version,Sequencing Id,Instrument Id,Instrument Name,Platform,Flow Type,Diagnostic Output Dir,Control Pos EC Id,Control Neg EC Id,Control Pos Org Names,Adaptor Type,Seq Sple,Adaptor I5 Id,Adaptor I5 Seq,Adaptor I7 Id,Adaptor I7 Seq,Library Name,Sample Description,Control Int IC Id,Project,Run Yield Total,Run % Tile Pass,Run % PF,Run Cluster Density,Run Phix Error Rate,Run % Q30,Run Cluster Density Raw,Run Intensity A,Run Yield Total Raw,Run Phix Error Rate Raw,Run % Q30 Raw,Read 1 Len,Read 2 Len,Run Lane,Lot Illumina Reagent Kit,Lot Illumina Flow Cell,Lot Illumina PR2,Lot Pos Control,Lot Neg Control,PostAdapt Trim % Reject,Lot Int Control,Reads PostQual,Base Content A,Base Content C,Base Content G,Base Content T,Library Q Score,Reads demulti,Reads Unique,Base Content G quint5,Kmer Entropy demulti,Kmer Entropy PostQual
1,/common/idbydna-archives/fastqs/illumina/rnd/200128-1-1-idbd-r101466-d-03-ah2m7lafx2-cttgccatta-ccttcgtgat-5e31f8e7/filt/200128-1-1-IDBD-R101466-d-03-AH2M7LAFX2-CTTGCCATTA-CCTTCGTGAT-5e31f8e7_S3_R1_001.postAdapt.postQual.fastq.gz,/srv/idbydna-group3/results/idbd_rnd_v2/200128_NB551543_0206_AH2M7LAFX2/fqs/fq_filt/Nextera/200128-1-1-IDBD-R101466-d-03-AH2M7LAFX2-CTTGCCATTA-CCTTCGTGAT-5e31f8e7_S3_R1_001.postAdapt.postQual.fastq.gz,1/28/20,200128_nb551543_0206_ah2m7lafx2,200127b03,id-3,bal,idbd-r101466,dna,rnd,r&d_proddev,idbydna,filt,,2.0.0-beta.14,200128-1-1,nb551543,nextseq,illumina,nextseq mid,/uufs/chpc.utah.edu/common/home/idbydna-group3/results/idbd_rnd_v2/200128_NB551543_0206_AH2M7LAFX2/tax,respposcon02,respnegcon01,legionella pneumophila|streptococcus anginosus,nextera,200128-1-1-idbd-r101466-d-03-ah2m7lafx2-cttgccatta-ccttcgtgat-5e31f8e7,e2,ccttcgtgat,e2,cttgccatta,200127b03-idbd-r101466-d-03,other| none| none| none,icnone_d,explifyv2,17301852780,95.486,93.697,133598.31,0.5,93.5,133832.694,8986.075,18103353413,0.708,93.333,147,0,0,20391088,20415075,20407865,042519p2,191209neg,1.887,n/a;dic200117,5857392,0.198,0.299,0.303,0.2,34.935,6001490,30.055,0.307,9.585,9.603
2,/common/idbydna-archives/fastqs/illumina/rnd/200128-1-1-idbd-r101467-d-04-ah2m7lafx2-gaagcggcac-agtagagccg-5e31f8e7/filt/200128-1-1-IDBD-R101467-d-04-AH2M7LAFX2-GAAGCGGCAC-AGTAGAGCCG-5e31f8e7_S4_R1_001.postAdapt.postQual.fastq.gz,/srv/idbydna-group3/results/idbd_rnd_v2/200128_NB551543_0206_AH2M7LAFX2/fqs/fq_filt/Nextera/200128-1-1-IDBD-R101467-d-04-AH2M7LAFX2-GAAGCGGCAC-AGTAGAGCCG-5e31f8e7_S4_R1_001.postAdapt.postQual.fastq.gz,1/28/20,200128_nb551543_0206_ah2m7lafx2,200127b03,id-4,bal,idbd-r101467,dna,rnd,r&d_proddev,idbydna,filt,,2.0.0-beta.14,200128-1-1,nb551543,nextseq,illumina,nextseq mid,/uufs/chpc.utah.edu/common/home/idbydna-group3/results/idbd_rnd_v2/200128_NB551543_0206_AH2M7LAFX2/tax,respposcon02,respnegcon01,legionella pneumophila|streptococcus anginosus,nextera,200128-1-1-idbd-r101467-d-04-ah2m7lafx2-gaagcggcac-agtagagccg-5e31f8e7,f2,agtagagccg,f2,gaagcggcac,200127b03-idbd-r101467-d-04,other| none| 440 ul sample homogenate was added to the lysis buffer due to a pipetting error| none,icnone_d,explifyv2,17301852780,95.486,93.697,133598.31,0.5,93.5,133832.694,8986.075,18103353413,0.708,93.333,147,0,0,20391088,20415075,20407865,042519p2,191209neg,1.341,n/a;dic200117,4618569,0.198,0.3,0.306,0.197,34.906,4701004,31.949,0.31,9.585,9.597
3,/common/idbydna-archives/fastqs/illumina/rnd/200128-1-1-idbd-r101469-d-06-ah2m7lafx2-cggttacggc-ctatagtctt-5e31f8e7/filt/200128-1-1-IDBD-R101469-d-06-AH2M7LAFX2-CGGTTACGGC-CTATAGTCTT-5e31f8e7_S6_R1_001.postAdapt.postQual.fastq.gz,/srv/idbydna-group3/results/idbd_rnd_v2/200128_NB551543_0206_AH2M7LAFX2/fqs/fq_filt/Nextera/200128-1-1-IDBD-R101469-d-06-AH2M7LAFX2-CGGTTACGGC-CTATAGTCTT-5e31f8e7_S6_R1_001.postAdapt.postQual.fastq.gz,1/28/20,200128_nb551543_0206_ah2m7lafx2,200127b03,id-6,bal,idbd-r101469,dna,rnd,r&d_proddev,idbydna,filt,,2.0.0-beta.14,200128-1-1,nb551543,nextseq,illumina,nextseq mid,/uufs/chpc.utah.edu/common/home/idbydna-group3/results/idbd_rnd_v2/200128_NB551543_0206_AH2M7LAFX2/tax,respposcon02,respnegcon01,legionella pneumophila|streptococcus anginosus,nextera,200128-1-1-idbd-r101469-d-06-ah2m7lafx2-cggttacggc-ctatagtctt-5e31f8e7,h2,ctatagtctt,h2,cggttacggc,200127b03-idbd-r101469-d-06,other| none| none| none,icnone_d,explifyv2,17301852780,95.486,93.697,133598.31,0.5,93.5,133832.694,8986.075,18103353413,0.708,93.333,147,0,0,20391088,20415075,20407865,042519p2,191209neg,1.154,n/a;dic200117,4092691,0.189,0.286,0.338,0.187,34.4,4196159,24.723,0.372,9.379,9.579
4,/common/idbydna-archives/fastqs/illumina/rnd/200128-1-1-respnegcon01-d-09-ah2m7lafx2-acagtgtatg-ccgtatgttc-5e31f8e7/filt/200128-1-1-RespNegCon01-d-09-AH2M7LAFX2-ACAGTGTATG-CCGTATGTTC-5e31f8e7_S9_R1_001.postAdapt.postQual.fastq.gz,/srv/idbydna-group3/results/idbd_rnd_v2/200128_NB551543_0206_AH2M7LAFX2/fqs/fq_filt/Nextera/200128-1-1-RespNegCon01-d-09-AH2M7LAFX2-ACAGTGTATG-CCGTATGTTC-5e31f8e7_S9_R1_001.postAdapt.postQual.fastq.gz,1/28/20,200128_nb551543_0206_ah2m7lafx2,200127b03,,,controlneg,dna,rnd,,,filt,,2.0.0-beta.14,200128-1-1,nb551543,nextseq,illumina,nextseq mid,/uufs/chpc.utah.edu/common/home/idbydna-group3/results/idbd_rnd_v2/200128_NB551543_0206_AH2M7LAFX2/tax,respposcon02,respnegcon01,legionella pneumophila|streptococcus anginosus,nextera,200128-1-1-respnegcon01-d-09-ah2m7lafx2-acagtgtatg-ccgtatgttc-5e31f8e7,h4,ccgtatgttc,h4,acagtgtatg,200127b03-respnegcon01-d-09,,icnone_d,explifyv2,17301852780,95.486,93.697,133598.31,0.5,93.5,133832.694,8986.075,18103353413,0.708,93.333,147,0,0,20391088,20415075,20407865,042519p2,191209neg,3.681,n/a;dic200117,4137682,0.195,0.283,0.328,0.193,34.914,4355496,29.206,0.37,9.389,9.611
5,/common/idbydna-archives/fastqs/illumina/rnd/200128-1-1-idbd-r101473-d-02-ah2m7lafx2-gacaccatgt-tacacgttga-5e31f8e7/filt/200128-1-1-IDBD-R101473-d-02-AH2M7LAFX2-GACACCATGT-TACACGTTGA-5e31f8e7_S12_R1_001.postAdapt.postQual.fastq.gz,/srv/idbydna-group3/results/idbd_rnd_v2/200128_NB551543_0206_AH2M7LAFX2/fqs/fq_filt/Nextera/200128-1-1-IDBD-R101473-d-02-AH2M7LAFX2-GACACCATGT-TACACGTTGA-5e31f8e7_S12_R1_001.postAdapt.postQual.fastq.gz,1/28/20,200128_nb551543_0206_ah2m7lafx2,200128b01,id-10,bal,idbd-r101473,dna,rnd,r&d_proddev,idbydna,filt,enterobacteria phage t7|enterobacteria phage pr772,2.0.0-beta.14,200128-1-1,nb551543,nextseq,illumina,nextseq mid,/uufs/chpc.utah.edu/common/home/idbydna-group3/results/idbd_rnd_v2/200128_NB551543_0206_AH2M7LAFX2/tax,respposcon02,respnegcon01,legionella pneumophila|streptococcus anginosus,nextera,200128-1-1-idbd-r101473-d-02-ah2m7lafx2-gacaccatgt-tacacgttga-5e31f8e7,b7,tacacgttga,b7,gacaccatgt,200128b01-idbd-r101473-d-02,other| none| none| none,icdna03,explifyv2,17301852780,95.486,93.697,133598.31,0.5,93.5,133832.694,8986.075,18103353413,0.708,93.333,147,0,0,20391088,20415075,20407865,042519p2,191209neg,1.894,n/a;dic200117,4601439,0.197,0.302,0.305,0.197,34.958,4706723,35.667,0.311,9.593,9.582
6,/common/idbydna-archives/fastqs/illumina/rnd/200128-1-1-idbd-r101476-d-05-ah2m7lafx2-ggaattgtaa-aggatgtgct-5e31f8e7/filt/200128-1-1-IDBD-R101476-d-05-AH2M7LAFX2-GGAATTGTAA-AGGATGTGCT-5e31f8e7_S15_R1_001.postAdapt.postQual.fastq.gz,/srv/idbydna-group3/results/idbd_rnd_v2/200128_NB551543_0206_AH2M7LAFX2/fqs/fq_filt/Nextera/200128-1-1-IDBD-R101476-d-05-AH2M7LAFX2-GGAATTGTAA-AGGATGTGCT-5e31f8e7_S15_R1_001.postAdapt.postQual.fastq.gz,1/28/20,200128_nb551543_0206_ah2m7lafx2,200128b01,id-13,bal,idbd-r101476,dna,rnd,r&d_proddev,idbydna,filt,enterobacteria phage t7|enterobacteria phage pr772,2.0.0-beta.14,200128-1-1,nb551543,nextseq,illumina,nextseq mid,/uufs/chpc.utah.edu/common/home/idbydna-group3/results/idbd_rnd_v2/200128_NB551543_0206_AH2M7LAFX2/tax,respposcon02,respnegcon01,legionella pneumophila|streptococcus anginosus,nextera,200128-1-1-idbd-r101476-d-05-ah2m7lafx2-ggaattgtaa-aggatgtgct-5e31f8e7,e7,aggatgtgct,e7,ggaattgtaa,200128b01-idbd-r101476-d-05,other| none| none| none,icdna03,explifyv2,17301852780,95.486,93.697,133598.31,0.5,93.5,133832.694,8986.075,18103353413,0.708,93.333,147,0,0,20391088,20415075,20407865,042519p2,191209neg,3.507,n/a;dic200117,5138270,0.197,0.297,0.31,0.196,34.94,5357698,34.504,0.327,9.548,9.586
7,/common/idbydna-archives/fastqs/illumina/rnd/200128-1-1-respposcon02-d-10-ah2m7lafx2-ctcgcttcgg-ttgactagta-5e31f8e7/filt/200128-1-1-RespPosCon02-d-10-AH2M7LAFX2-CTCGCTTCGG-TTGACTAGTA-5e31f8e7_S20_R1_001.postAdapt.postQual.fastq.gz,/srv/idbydna-group3/results/idbd_rnd_v2/200128_NB551543_0206_AH2M7LAFX2/fqs/fq_filt/Nextera/200128-1-1-RespPosCon02-d-10-AH2M7LAFX2-CTCGCTTCGG-TTGACTAGTA-5e31f8e7_S20_R1_001.postAdapt.postQual.fastq.gz,1/28/20,200128_nb551543_0206_ah2m7lafx2,200128b01,,,controlpos,dna,rnd,,,filt,enterobacteria phage t7|enterobacteria phage pr772,2.0.0-beta.14,200128-1-1,nb551543,nextseq,illumina,nextseq mid,/uufs/chpc.utah.edu/common/home/idbydna-group3/results/idbd_rnd_v2/200128_NB551543_0206_AH2M7LAFX2/tax,respposcon02,respnegcon01,legionella pneumophila|streptococcus anginosus,nextera,200128-1-1-respposcon02-d-10-ah2m7lafx2-ctcgcttcgg-ttgactagta-5e31f8e7,b8,ttgactagta,b8,ctcgcttcgg,200128b01-respposcon02-d-10,,icdna03,explifyv2,17301852780,95.486,93.697,133598.31,0.5,93.5,133832.694,8986.075,18103353413,0.708,93.333,147,0,0,20391088,20415075,20407865,042519p2,191209neg,1.857,n/a;dic200117,3476185,0.268,0.19,0.274,0.268,34.575,3636667,16.685,0.338,9.22,9.712
8,/common/idbydna-archives/fastqs/illumina/rnd/200128-1-1-idbd-r101468-d-05-ah2m7lafx2-tccattgccg-tcgtgcattc-5e31f8e7/filt/200128-1-1-IDBD-R101468-d-05-AH2M7LAFX2-TCCATTGCCG-TCGTGCATTC-5e31f8e7_S5_R1_001.postAdapt.postQual.fastq.gz,/srv/idbydna-group3/results/idbd_rnd_v2/200128_NB551543_0206_AH2M7LAFX2/fqs/fq_filt/Nextera/200128-1-1-IDBD-R101468-d-05-AH2M7LAFX2-TCCATTGCCG-TCGTGCATTC-5e31f8e7_S5_R1_001.postAdapt.postQual.fastq.gz,1/28/20,200128_nb551543_0206_ah2m7lafx2,200127b03,id-5,bal,idbd-r101468,dna,rnd,r&d_proddev,idbydna,filt,,2.0.0-beta.14,200128-1-1,nb551543,nextseq,illumina,nextseq mid,/uufs/chpc.utah.edu/common/home/idbydna-group3/results/idbd_rnd_v2/200128_NB551543_0206_AH2M7LAFX2/tax,respposcon02,respnegcon01,legionella pneumophila|streptococcus anginosus,nextera,200128-1-1-idbd-r101468-d-05-ah2m7lafx2-tccattgccg-tcgtgcattc-5e31f8e7,g2,tcgtgcattc,g2,tccattgccg,200127b03-idbd-r101468-d-05,other| none| 440 ul sample homogenate was added to the lysis buffer due to a pipetting error| none,icnone_d,explifyv2,17301852780,95.486,93.697,133598.31,0.5,93.5,133832.694,8986.075,18103353413,0.708,93.333,147,0,0,20391088,20415075,20407865,042519p2,191209neg,1.491,n/a;dic200117,4914722,0.196,0.3,0.306,0.198,34.936,5010269,29.649,0.312,9.584,9.598
9,/common/idbydna-archives/fastqs/illumina/rnd/200128-1-1-idbd-r101448-d-01-ah2m7lafx2-ccgtatgttc-acagtgtatg-5e31f8e7/filt/200128-1-1-IDBD-R101448-d-01-AH2M7LAFX2-CCGTATGTTC-ACAGTGTATG-5e31f8e7_S1_R1_001.postAdapt.postQual.fastq.gz,/srv/idbydna-group3/results/idbd_rnd_v2/200128_NB551543_0206_AH2M7LAFX2/fqs/fq_filt/Nextera/200128-1-1-IDBD-R101448-d-01-AH2M7LAFX2-CCGTATGTTC-ACAGTGTATG-5e31f8e7_S1_R1_001.postAdapt.postQual.fastq.gz,1/28/20,200128_nb551543_0206_ah2m7lafx2,200127b03,id-1,bal,idbd-r101448,dna,rnd,r&d_proddev,idbydna,filt,,2.0.0-beta.14,200128-1-1,nb551543,nextseq,illumina,nextseq mid,/uufs/chpc.utah.edu/common/home/idbydna-group3/results/idbd_rnd_v2/200128_NB551543_0206_AH2M7LAFX2/tax,respposcon02,respnegcon01,legionella pneumophila|streptococcus anginosus,nextera,200128-1-1-idbd-r101448-d-01-ah2m7lafx2-ccgtatgttc-acagtgtatg-5e31f8e7,c2,acagtgtatg,c2,ccgtatgttc,200127b03-idbd-r101448-d-01,other| none| none| none,icnone_d,explifyv2,17301852780,95.486,93.697,133598.31,0.5,93.5,133832.694,8986.075,18103353413,0.708,93.333,147,0,0,20391088,20415075,20407865,042519p2,191209neg,2.06,n/a;dic200117,3303044,0.198,0.298,0.303,0.201,34.997,3389055,39.878,0.309,9.597,9.613
10,/common/idbydna-archives/fastqs/illumina/rnd/200128-1-1-idbd-r101464-d-02-ah2m7lafx2-gagtcatagg-agcgccacac-5e31f8e7/filt/200128-1-1-IDBD-R101464-d-02-AH2M7LAFX2-GAGTCATAGG-AGCGCCACAC-5e31f8e7_S2_R1_001.postAdapt.postQual.fastq.gz,/srv/idbydna-group3/results/idbd_rnd_v2/200128_NB551543_0206_AH2M7LAFX2/fqs/fq_filt/Nextera/200128-1-1-IDBD-R101464-d-02-AH2M7LAFX2-GAGTCATAGG-AGCGCCACAC-5e31f8e7_S2_R1_001.postAdapt.postQual.fastq.gz,1/28/20,200128_nb551543_0206_ah2m7lafx2,200127b03,id-2,bal,idbd-r101464,dna,rnd,r&d_proddev,idbydna,filt,,2.0.0-beta.14,200128-1-1,nb551543,nextseq,illumina,nextseq mid,/uufs/chpc.utah.edu/common/home/idbydna-group3/results/idbd_rnd_v2/200128_NB551543_0206_AH2M7LAFX2/tax,respposcon02,respnegcon01,legionella pneumophila|streptococcus anginosus,nextera,200128-1-1-idbd-r101464-d-02-ah2m7lafx2-gagtcatagg-agcgccacac-5e31f8e7,d2,agcgccacac,d2,gagtcatagg,200127b03-idbd-r101464-d-02,"undamaged, dry ice| none| none| none",icnone_d,explifyv2,17301852780,95.486,93.697,133598.31,0.5,93.5,133832.694,8986.075,18103353413,0.708,93.333,147,0,0,20391088,20415075,20407865,042519p2,191209neg,2.09,n/a;dic200117,5313242,0.199,0.295,0.307,0.199,34.879,5462715,33.254,0.316,9.57,9.614
11,/common/idbydna-archives/fastqs/illumina/rnd/200128-1-1-idbd-r101477-d-06-ah2m7lafx2-gcataagctt-tgcgacggaa-5e31f8e7/filt/200128-1-1-IDBD-R101477-d-06-AH2M7LAFX2-GCATAAGCTT-TGCGACGGAA-5e31f8e7_S16_R1_001.postAdapt.postQual.fastq.gz,/srv/idbydna-group3/results/idbd_rnd_v2/200128_NB551543_0206_AH2M7LAFX2/fqs/fq_filt/Nextera/200128-1-1-IDBD-R101477-d-06-AH2M7LAFX2-GCATAAGCTT-TGCGACGGAA-5e31f8e7_S16_R1_001.postAdapt.postQual.fastq.gz,1/28/20,200128_nb551543_0206_ah2m7lafx2,200128b01,id-14,bal,idbd-r101477,dna,rnd,r&d_proddev,idbydna,filt,enterobacteria phage t7|enterobacteria phage pr772,2.0.0-beta.14,200128-1-1,nb551543,nextseq,illumina,nextseq mid,/uufs/chpc.utah.edu/common/home/idbydna-group3/results/idbd_rnd_v2/200128_NB551543_0206_AH2M7LAFX2/tax,respposcon02,respnegcon01,legionella pneumophila|streptococcus anginosus,nextera,200128-1-1-idbd-r101477-d-06-ah2m7lafx2-gcataagctt-tgcgacggaa-5e31f8e7,f7,tgcgacggaa,f7,gcataagctt,200128b01-idbd-r101477-d-06,other| none| none| none,icdna03,explifyv2,17301852780,95.486,93.697,133598.31,0.5,93.5,133832.694,8986.075,18103353413,0.708,93.333,147,0,0,20391088,20415075,20407865,042519p2,191209neg,3.585,n/a;dic200117,4642698,0.198,0.294,0.31,0.198,34.892,4856930,33.247,0.331,9.54,9.607
12,/common/idbydna-archives/fastqs/illumina/rnd/200128-1-1-idbd-r101478-d-07-ah2m7lafx2-ctgaggaata-agtggttaag-5e31f8e7/filt/200128-1-1-IDBD-R101478-d-07-AH2M7LAFX2-CTGAGGAATA-AGTGGTTAAG-5e31f8e7_S17_R1_001.postAdapt.postQual.fastq.gz,/srv/idbydna-group3/results/idbd_rnd_v2/200128_NB551543_0206_AH2M7LAFX2/fqs/fq_filt/Nextera/200128-1-1-IDBD-R101478-d-07-AH2M7LAFX2-CTGAGGAATA-AGTGGTTAAG-5e31f8e7_S17_R1_001.postAdapt.postQual.fastq.gz,1/28/20,200128_nb551543_0206_ah2m7lafx2,200128b01,id-15,bal,idbd-r101478,dna,rnd,r&d_proddev,idbydna,filt,enterobacteria phage t7|enterobacteria phage pr772,2.0.0-beta.14,200128-1-1,nb551543,nextseq,illumina,nextseq mid,/uufs/chpc.utah.edu/common/home/idbydna-group3/results/idbd_rnd_v2/200128_NB551543_0206_AH2M7LAFX2/tax,respposcon02,respnegcon01,legionella pneumophila|streptococcus anginosus,nextera,200128-1-1-idbd-r101478-d-07-ah2m7lafx2-ctgaggaata-agtggttaag-5e31f8e7,g7,agtggttaag,g7,ctgaggaata,200128b01-idbd-r101478-d-07,other| none| none| none,icdna03,explifyv2,17301852780,95.486,93.697,133598.31,0.5,93.5,133832.694,8986.075,18103353413,0.708,93.333,147,0,0,20391088,20415075,20407865,042519p2,191209neg,3.886,n/a;dic200117,4804101,0.198,0.298,0.308,0.196,34.968,5027890,36.088,0.326,9.557,9.585
13,/common/idbydna-archives/fastqs/illumina/rnd/200128-1-1-idbd-r101472-d-01-ah2m7lafx2-agtgttgcac-cgtgtaccag-5e31f8e7/filt/200128-1-1-IDBD-R101472-d-01-AH2M7LAFX2-AGTGTTGCAC-CGTGTACCAG-5e31f8e7_S11_R1_001.postAdapt.postQual.fastq.gz,/srv/idbydna-group3/results/idbd_rnd_v2/200128_NB551543_0206_AH2M7LAFX2/fqs/fq_filt/Nextera/200128-1-1-IDBD-R101472-d-01-AH2M7LAFX2-AGTGTTGCAC-CGTGTACCAG-5e31f8e7_S11_R1_001.postAdapt.postQual.fastq.gz,1/28/20,200128_nb551543_0206_ah2m7lafx2,200128b01,id-9,bal,idbd-r101472,dna,rnd,r&d_proddev,idbydna,filt,enterobacteria phage t7|enterobacteria phage pr772,2.0.0-beta.14,200128-1-1,nb551543,nextseq,illumina,nextseq mid,/uufs/chpc.utah.edu/common/home/idbydna-group3/results/idbd_rnd_v2/200128_NB551543_0206_AH2M7LAFX2/tax,respposcon02,respnegcon01,legionella pneumophila|streptococcus anginosus,nextera,200128-1-1-idbd-r101472-d-01-ah2m7lafx2-agtgttgcac-cgtgtaccag-5e31f8e7,a7,cgtgtaccag,a7,agtgttgcac,200128b01-idbd-r101472-d-01,other| none| none| none,icdna03,explifyv2,17301852780,95.486,93.697,133598.31,0.5,93.5,133832.694,8986.075,18103353413,0.708,93.333,147,0,0,20391088,20415075,20407865,042519p2,191209neg,2.353,n/a;dic200117,4827200,0.198,0.3,0.304,0.199,34.97,4969153,35.049,0.31,9.594,9.599
14,/common/idbydna-archives/fastqs/illumina/rnd/200128-1-1-idbd-r101471-d-08-ah2m7lafx2-gtctaatggc-cctgaccact-5e31f8e7/filt/200128-1-1-IDBD-R101471-d-08-AH2M7LAFX2-GTCTAATGGC-CCTGACCACT-5e31f8e7_S8_R1_001.postAdapt.postQual.fastq.gz,/srv/idbydna-group3/results/idbd_rnd_v2/200128_NB551543_0206_AH2M7LAFX2/fqs/fq_filt/Nextera/200128-1-1-IDBD-R101471-d-08-AH2M7LAFX2-GTCTAATGGC-CCTGACCACT-5e31f8e7_S8_R1_001.postAdapt.postQual.fastq.gz,1/28/20,200128_nb551543_0206_ah2m7lafx2,200127b03,id-8,bal,idbd-r101471,dna,rnd,r&d_proddev,idbydna,filt,,2.0.0-beta.14,200128-1-1,nb551543,nextseq,illumina,nextseq mid,/uufs/chpc.utah.edu/common/home/idbydna-group3/results/idbd_rnd_v2/200128_NB551543_0206_AH2M7LAFX2/tax,respposcon02,respnegcon01,legionella pneumophila|streptococcus anginosus,nextera,200128-1-1-idbd-r101471-d-08-ah2m7lafx2-gtctaatggc-cctgaccact-5e31f8e7,b6,cctgaccact,b6,gtctaatggc,200127b03-idbd-r101471-d-08,other| none| none| none,icnone_d,explifyv2,17301852780,95.486,93.697,133598.31,0.5,93.5,133832.694,8986.075,18103353413,0.708,93.333,147,0,0,20391088,20415075,20407865,042519p2,191209neg,2.05,n/a;dic200117,4653746,0.196,0.295,0.312,0.197,34.742,4785080,31.499,0.327,9.566,9.604
15,/common/idbydna-archives/fastqs/illumina/rnd/200128-1-1-respposcon02-d-10-ah2m7lafx2-tatgtagtca-cattagtgcg-5e31f8e7/filt/200128-1-1-RespPosCon02-d-10-AH2M7LAFX2-TATGTAGTCA-CATTAGTGCG-5e31f8e7_S10_R1_001.postAdapt.postQual.fastq.gz,/srv/idbydna-group3/results/idbd_rnd_v2/200128_NB551543_0206_AH2M7LAFX2/fqs/fq_filt/Nextera/200128-1-1-RespPosCon02-d-10-AH2M7LAFX2-TATGTAGTCA-CATTAGTGCG-5e31f8e7_S10_R1_001.postAdapt.postQual.fastq.gz,1/28/20,200128_nb551543_0206_ah2m7lafx2,200127b03,,,controlpos,dna,rnd,,,filt,,2.0.0-beta.14,200128-1-1,nb551543,nextseq,illumina,nextseq mid,/uufs/chpc.utah.edu/common/home/idbydna-group3/results/idbd_rnd_v2/200128_NB551543_0206_AH2M7LAFX2/tax,respposcon02,respnegcon01,legionella pneumophila|streptococcus anginosus,nextera,200128-1-1-respposcon02-d-10-ah2m7lafx2-tatgtagtca-cattagtgcg-5e31f8e7,h5,cattagtgcg,h5,tatgtagtca,200127b03-respposcon02-d-10,,icnone_d,explifyv2,17301852780,95.486,93.697,133598.31,0.5,93.5,133832.694,8986.075,18103353413,0.708,93.333,147,0,0,20391088,20415075,20407865,042519p2,191209neg,4.22,n/a;dic200117,3588255,0.272,0.19,0.269,0.269,34.613,3842128,26.187,0.34,9.245,9.723
16,/common/idbydna-archives/fastqs/illumina/rnd/200128-1-1-idbd-r101475-d-04-ah2m7lafx2-tgatgtaaga-aaggacgcac-5e31f8e7/filt/200128-1-1-IDBD-R101475-d-04-AH2M7LAFX2-TGATGTAAGA-AAGGACGCAC-5e31f8e7_S14_R1_001.postAdapt.postQual.fastq.gz,/srv/idbydna-group3/results/idbd_rnd_v2/200128_NB551543_0206_AH2M7LAFX2/fqs/fq_filt/Nextera/200128-1-1-IDBD-R101475-d-04-AH2M7LAFX2-TGATGTAAGA-AAGGACGCAC-5e31f8e7_S14_R1_001.postAdapt.postQual.fastq.gz,1/28/20,200128_nb551543_0206_ah2m7lafx2,200128b01,id-12,bal,idbd-r101475,dna,rnd,r&d_proddev,idbydna,filt,enterobacteria phage t7|enterobacteria phage pr772,2.0.0-beta.14,200128-1-1,nb551543,nextseq,illumina,nextseq mid,/uufs/chpc.utah.edu/common/home/idbydna-group3/results/idbd_rnd_v2/200128_NB551543_0206_AH2M7LAFX2/tax,respposcon02,respnegcon01,legionella pneumophila|streptococcus anginosus,nextera,200128-1-1-idbd-r101475-d-04-ah2m7lafx2-tgatgtaaga-aaggacgcac-5e31f8e7,d7,aaggacgcac,d7,tgatgtaaga,200128b01-idbd-r101475-d-04,other| none| none| none,icdna03,explifyv2,17301852780,95.486,93.697,133598.31,0.5,93.5,133832.694,8986.075,18103353413,0.708,93.333,147,0,0,20391088,20415075,20407865,042519p2,191209neg,1.976,n/a;dic200117,4292845,0.195,0.282,0.33,0.192,34.734,4441917,21.795,0.367,9.404,9.614
17,/common/idbydna-archives/fastqs/illumina/rnd/200128-1-1-idbd-r101474-d-03-ah2m7lafx2-cctgtctgtc-tcacaacagt-5e31f8e7/filt/200128-1-1-IDBD-R101474-d-03-AH2M7LAFX2-CCTGTCTGTC-TCACAACAGT-5e31f8e7_S13_R1_001.postAdapt.postQual.fastq.gz,/srv/idbydna-group3/results/idbd_rnd_v2/200128_NB551543_0206_AH2M7LAFX2/fqs/fq_filt/Nextera/200128-1-1-IDBD-R101474-d-03-AH2M7LAFX2-CCTGTCTGTC-TCACAACAGT-5e31f8e7_S13_R1_001.postAdapt.postQual.fastq.gz,1/28/20,200128_nb551543_0206_ah2m7lafx2,200128b01,id-11,bal,idbd-r101474,dna,rnd,r&d_proddev,idbydna,filt,enterobacteria phage t7|enterobacteria phage pr772,2.0.0-beta.14,200128-1-1,nb551543,nextseq,illumina,nextseq mid,/uufs/chpc.utah.edu/common/home/idbydna-group3/results/idbd_rnd_v2/200128_NB551543_0206_AH2M7LAFX2/tax,respposcon02,respnegcon01,legionella pneumophila|streptococcus anginosus,nextera,200128-1-1-idbd-r101474-d-03-ah2m7lafx2-cctgtctgtc-tcacaacagt-5e31f8e7,c7,tcacaacagt,c7,cctgtctgtc,200128b01-idbd-r101474-d-03,other| none| none| none,icdna03,explifyv2,17301852780,95.486,93.697,133598.31,0.5,93.5,133832.694,8986.075,18103353413,0.708,93.333,147,0,0,20391088,20415075,20407865,042519p2,191209neg,4.632,n/a;dic200117,4505114,0.195,0.299,0.308,0.198,34.948,4753136,38.725,0.328,9.547,9.588
18,/common/idbydna-archives/fastqs/illumina/rnd/200128-1-1-idbd-r101470-d-07-ah2m7lafx2-actcggcaat-ttcagttgtc-5e31f8e7/filt/200128-1-1-IDBD-R101470-d-07-AH2M7LAFX2-ACTCGGCAAT-TTCAGTTGTC-5e31f8e7_S7_R1_001.postAdapt.postQual.fastq.gz,/srv/idbydna-group3/results/idbd_rnd_v2/200128_NB551543_0206_AH2M7LAFX2/fqs/fq_filt/Nextera/200128-1-1-IDBD-R101470-d-07-AH2M7LAFX2-ACTCGGCAAT-TTCAGTTGTC-5e31f8e7_S7_R1_001.postAdapt.postQual.fastq.gz,1/28/20,200128_nb551543_0206_ah2m7lafx2,200127b03,id-7,bal,idbd-r101470,dna,rnd,r&d_proddev,idbydna,filt,,2.0.0-beta.14,200128-1-1,nb551543,nextseq,illumina,nextseq mid,/uufs/chpc.utah.edu/common/home/idbydna-group3/results/idbd_rnd_v2/200128_NB551543_0206_AH2M7LAFX2/tax,respposcon02,respnegcon01,legionella pneumophila|streptococcus anginosus,nextera,200128-1-1-idbd-r101470-d-07-ah2m7lafx2-actcggcaat-ttcagttgtc-5e31f8e7,a6,ttcagttgtc,a6,actcggcaat,200127b03-idbd-r101470-d-07,other| none| none| none,icnone_d,explifyv2,17301852780,95.486,93.697,133598.31,0.5,93.5,133832.694,8986.075,18103353413,0.708,93.333,147,0,0,20391088,20415075,20407865,042519p2,191209neg,1.973,n/a;dic200117,4918443,0.197,0.297,0.31,0.196,34.963,5050435,28.236,0.322,9.559,9.6
19,/common/idbydna-archives/fastqs/illumina/rnd/200128-1-1-idbd-r101479-d-08-ah2m7lafx2-aacgcacgag-tatccgaggc-5e31f8e7/filt/200128-1-1-IDBD-R101479-d-08-AH2M7LAFX2-AACGCACGAG-TATCCGAGGC-5e31f8e7_S18_R1_001.postAdapt.postQual.fastq.gz,/srv/idbydna-group3/results/idbd_rnd_v2/200128_NB551543_0206_AH2M7LAFX2/fqs/fq_filt/Nextera/200128-1-1-IDBD-R101479-d-08-AH2M7LAFX2-AACGCACGAG-TATCCGAGGC-5e31f8e7_S18_R1_001.postAdapt.postQual.fastq.gz,1/28/20,200128_nb551543_0206_ah2m7lafx2,200128b01,id-16,bal,idbd-r101479,dna,rnd,r&d_proddev,idbydna,filt,enterobacteria phage t7|enterobacteria phage pr772,2.0.0-beta.14,200128-1-1,nb551543,nextseq,illumina,nextseq mid,/uufs/chpc.utah.edu/common/home/idbydna-group3/results/idbd_rnd_v2/200128_NB551543_0206_AH2M7LAFX2/tax,respposcon02,respnegcon01,legionella pneumophila|streptococcus anginosus,nextera,200128-1-1-idbd-r101479-d-08-ah2m7lafx2-aacgcacgag-tatccgaggc-5e31f8e7,h7,tatccgaggc,h7,aacgcacgag,200128b01-idbd-r101479-d-08,other| none| none| none,icdna03,explifyv2,17301852780,95.486,93.697,133598.31,0.5,93.5,133832.694,8986.075,18103353413,0.708,93.333,147,0,0,20391088,20415075,20407865,042519p2,191209neg,4.987,n/a;dic200117,4949751,0.198,0.297,0.312,0.193,34.921,5242635,33.59,0.34,9.512,9.587
20,/common/idbydna-archives/fastqs/illumina/rnd/200128-1-1-respnegcon01-d-09-ah2m7lafx2-tctatcctaa-ccagtcgacg-5e31f8e7/filt/200128-1-1-RespNegCon01-d-09-AH2M7LAFX2-TCTATCCTAA-CCAGTCGACG-5e31f8e7_S19_R1_001.postAdapt.postQual.fastq.gz,/srv/idbydna-group3/results/idbd_rnd_v2/200128_NB551543_0206_AH2M7LAFX2/fqs/fq_filt/Nextera/200128-1-1-RespNegCon01-d-09-AH2M7LAFX2-TCTATCCTAA-CCAGTCGACG-5e31f8e7_S19_R1_001.postAdapt.postQual.fastq.gz,1/28/20,200128_nb551543_0206_ah2m7lafx2,200128b01,,,controlneg,dna,rnd,,,filt,enterobacteria phage t7|enterobacteria phage pr772,2.0.0-beta.14,200128-1-1,nb551543,nextseq,illumina,nextseq mid,/uufs/chpc.utah.edu/common/home/idbydna-group3/results/idbd_rnd_v2/200128_NB551543_0206_AH2M7LAFX2/tax,respposcon02,respnegcon01,legionella pneumophila|streptococcus anginosus,nextera,200128-1-1-respnegcon01-d-09-ah2m7lafx2-tctatcctaa-ccagtcgacg-5e31f8e7,a8,ccagtcgacg,a8,tctatcctaa,200128b01-respnegcon01-d-09,,icdna03,explifyv2,17301852780,95.486,93.697,133598.31,0.5,93.5,133832.694,8986.075,18103353413,0.708,93.333,147,0,0,20391088,20415075,20407865,042519p2,191209neg,1.872,n/a;dic200117,4670330,0.196,0.302,0.306,0.197,34.882,4781806,33.118,0.313,9.577,9.58